من	من	من	 
ما	ما	ما	 
اللي	اللي	اللي	 
و	و	و	 
على	على	على	 
في	في	في	 
لا	لا	لا	 
??	? ?	??	 
بس	بس	بس	 
،	،	،	 
!	!	!	 
كل	كل	كل	 
..	. .	..	 
؟	؟	؟	 
.	.	.	 
شي	شي	شي	 
الله	الله	الله	 
انا	انا	انا	 
مو	مو	مو	 
يا	يا	يا	 
ولا	و+لا	و+لا	 
عشان	عشان	عشان	 
عن	عن	عن	 
?	?	?	 
اذا	اذ+ا	اذا	 
:	:	:	 
الناس	ال+ناس	ال+ناس	 
ان	ان	ان	 
لي	لي	لي	 
لو	لو	لو	 
لك	ل+ك	ل+ك	 
اني	اني	ان+ي	 
م	م	م	 
وش	وش	وش	 
لما	ل+ما	لما	 
يوم	يوم	يوم	 
مع	مع	مع	 
الي	الي	الي	 
ترا	تر+ا	تر+ا	 
والله	و+الله	و+الله	 
راح	راح	راح	 
...	. . .	...	 
ليش	ل+يش	ل+ي+ش	 
يعني	يعني	يعني	 
بـ	ب	ب	 
أنا	أنا	أنا	 
وين	وين	وين	 
حتى	حتى	حتى	 
كان	كان	كان	 
????	? ? ? ?	????	 
ترى	ترى	ترى	 
واحد	واحد	واحد	 
اي	اي	اي	 
عادي	عادي	عادي	 
هذا	هذا	هذا	 
شخص	شخص	شخص	 
فيه	في+ه	في+ه	 
!!	! !	!!	 
مثل	مثل	مثل	 
""""	""""	""""	 
بعد	بعد	بعد	 
شعور	شعور	شعور	 
هو	هو	هو	 
انت	انت	انت	 
كيف	كيف	كيف	 
لكن	لكن	لكن	 
مب	مب	مب	 
او	او	او	 
??:	? ? :	??:	 
غير	غير	غير	 
بعض	بعض	بعض	 
له	ل+ه	ل+ه	 
اكثر	اكثر	اكثر	 
انه	ان+ه	ان+ه	 
عليه	علي+ه	علي+ه	 
-	-	-	 
كنت	كن+ت	كن+ت	 
شوي	شوي	شوي	 
قاعد	قاعد	قاعد	 
مدري	مدري	مدري	 
قلبي	قلب+ي	قلب+ي	 
كذا	كذا	كذا	 
ممكن	ممكن	ممكن	 
شفت	شفت	شفت	 
ع	ع	ع	 
وانا	وان+ا	و+انا	 
يصير	يصير	يصير	 
نفس	نفس	نفس	 
قبل	قبل	قبل	 
احب	احب	احب	 
(	(	(	 
بين	بين	بين	 
)	)	)	 
وهو	و+هو	و+هو	 
انك	انك	ان+ك	 
ابي	ابي	ابي	 
الا	الا	الا	 
قال	قال	قال	 
ي	ي	ي	 
يطلع	يطلع	يطلع	 
إن	إن	إن	 
فيني	فين+ي	في+ني	 
صباح	صباح	صباح	 
فيك	في+ك	في+ك	 
هذي	هذي	هذي	 
إذا	إذا	إذا	 
اليوم	ال+يوم	ال+يوم	 
ب	ب	ب	 
أنت	أنت	أنت	 
يكون	يكون	يكون	 
عند	عند	عند	 
ليه	لي+ه	ليه	 
~	~		 
مني	من+ي	من+ي	 
احد	احد	احد	 
لـ	ل	ل	 
يقول	يقول	يقول	 
‹?›	‹ ? ›	‹?›	 
شيء	شيء	شيء	 
لازم	لازم	لازم	 
عاد	عاد	ع+اد	 
/	/	/	 
علي	علي	علي	 
ف	ف	ف	 
صوت	صوت	صوت	 
تجي	تجي	تجي	 
نفسك	نفس+ك	نفس+ك	 
زين	زين	زين	 
أحد	أحد	أحد	 
قلت	قل+ت	قل+ت	 
^	^	^	 
الدنيا	ال+دنيا	ال+دنيا	 
طيب	طيب	طيب	 
واللي	و+اللي	و+اللي	 
النوم	ال+نوم	ال+نوم	 
حياتي	حيا+ت+ي	حياتي	 
يبي	يبي	يبي	 
الحين	ال+حين	ال+حين	 
،،	، ،	،،	 
انتي	انتي	انتي	 
يقولون	يقول+ون	يقولون	 
وانت	وان+ت	و+انت	 
جالس	جالس	جالس	 
إلا	إلا	إلا	 
ياخي	ياخي	ياخي	 
بيه	بيه	بيه	 
منه	من+ه	من+ه	 
لآ	لآ	لآ	 
راعية	راعي+ة	راعي+ة	 
وتقول	و+تقول	و+تقول	 
خلاص	خلاص	خلاص	 
ياللي	ياللي	ياللي	 
طول	طول	طول	 
الخير	ال+خير	ال+خير	 
قد	قد	قد	 
بنى	بنى	بنى	 
حلو	حلو	حلو	 
??????	? ? ? ? ? ?	??????	 
"""?"	""" ?"	"""?"	 
شوف	شوف	شوف	 
قادر	قادر	قادر	 
ودي	ودي	و+دي	 
معك	مع+ك	مع+ك	 
كلنا	كل+نا	كل+نا	 
تويتر	تويتر	تويتر	 
داخلي	داخلي	داخل+ي	 
ربي	رب+ي	ربي	 
ناس	ناس	ناس	 
لين	لين	لين	 
نفسه	نفس+ه	نفس+ه	 
يجي	يجي	يجي	 
قلبك	قلب+ك	قلب+ك	 
عارف	عارف	عارف	 
البنات	ال+بن+ات	ال+بنات	 
تسوي	تسوي	تسوي	 
حبك	حبك	حبك	 
تقول	تقول	تقول	 
المفروض	ال+مفروض	ال+مفروض	 
كلها	كل+ها	كل+ها	 
بعيد	بعيد	بعيد	 
كثر	كثر	كثر	 
وما	و+ما	و+ما	 
عمري	عمري	عمر+ي	 
فيها	في+ها	في+ها	 
دام	دام	دام	 
وكيف	و+كيف	و+كيف	 
تبي	تبي	تب+ي	 
هاي	هاي	ه+اي	 
فولو	فولو	فولو	 
قاعده	قاعد+ه	قاعد+ه	 
اكون	اكون	اكون	 
عني	عن+ي	عن+ي	 
'	'	ء	 
غيرك	غير+ك	غير+ك	 
عينك	عين+ك	عين+ك	 
وحده	وحد+ه	و+حد+ه	 
الحب	ال+حب	ال+حب	 
كثير	كثير	كثير	 
زي	زي	زي	 
يبقى	يبقى	يبقى	 
لأن	ل+أن	ل+أن	 
لحد	لحد	ل+حد	 
هم	هم	هم	 
هي	هي	هي	 
أو	أو	أو	 
اريد	اريد	اريد	 
اجمل	اجمل	اجمل	 
ينام	ينام	ينام	 
!!!	! ! !	!!!	 
يالله	يالله	يالله	 
يقولك	يقولك	يقول+ك	 
عليك	علي+ك	علي+ك	 
المكيف	ال+مكيف	ال+مكيف	 
صار	صار	صار	 
يَ	ي	ي	 
الى	الى	الى	 
منكم	من+كم	من+كم	 
عرف	عرف	عرف	 
كلامهم	كلام+هم	كلام+هم	 
الحياة	ال+حيا+ة	ال+حيا+ة	 
للأسف	ل+ال+أسف	ل+ل+أسف	 
الكل	ال+كل	ال+كل	 
زحمة	زحم+ة	زحم+ة	 
السماء	ال+سماء	ال+سماء	 
الشعر	ال+شعر	ال+شعر	 
الاحد	ال+احد	ال+احد	 
جدا	جد+ا	جدا	 
اعرف	اعرف	اعرف	 
:(	: (	:(	 
حبيبي	حبيبي	حبيب+ي	 
تطلع	تطلع	تطلع	 
وقت	وقت	وقت	 
صرت	صر+ت	صر+ت	 
ماني	مان+ي	مان+ي	 
والا	والا	و+الا	 
وبعدين	و+بعد+ين	و+بعدين	 
عيوني	عيون+ي	عيون+ي	 
السهر	ال+سهر	ال+سهر	 
بحياتي	ب+حياتي	ب+حيا+ت+ي	 
فينقر	ف+ينقر	ف+ينقر	 
قالت	قال+ت	قال+ت	 
الشباب	ال+شباب	ال+شباب	 
مليت	ملي+ت	ملي+ت	 
شئ	شئ	شئ	 
مال	مال	مال	 
الحزن	ال+حزن	ال+حزن	 
وشلون	وشل+ون	و+شلون	 
إللي	إللي	إللي	 
البيت	ال+بيت	ال+بيت	 
أدري	أدري	أدري	 
كانت	كان+ت	كان+ت	 
حبي	حب+ي	حب+ي	 
نص	نص	نص	 
تراب	تراب	تراب	 
؛	؛	؛	 
مستحيل	مستحيل	مستحيل	 
كافي	كافي	كافي	 
مادري	مادري	ما+دري	 
دايماً	دايم+ا	دايم+ا	 
حق	حق	حق	 
حب	حب	حب	 
ذي	ذي	ذي	 
سوالف	سوالف	سوالف	 
جديده	جديد+ه	جديد+ه	 
تغير	تغير	تغير	 
صح	صح	صح	 
ثم	ثم	ثم	 
احبك	احبك	احب+ك	 
غريب	غريب	غريب	 
ومن	و+من	و+من	 
بشي	ب+شي	ب+شي	 
خير	خير	خير	 
الكلام	ال+كلام	ال+كلام	 
ولآ	ولآ	و+لآ	 
بالغلط	ب+ال+غلط	ب+ال+غلط	 
الكون	ال+كون	ال+كون	 
احساس	احساس	احساس	 
لان	لان	ل+ان	 
وبس	و+بس	و+بس	 
هههههه	هههههه	هههههه	 
خل	خل	خل	 
بلا	ب+لا	ب+لا	 
مهما	مهما	مهما	 
الاشياء	ال+اشياء	ال+اشياء	 
لقى	لقى	لقى	 
سؤال	سؤال	سؤال	 
يرجعون	يرجع+ون	يرجعون	 
شلون	شل+ون	شلون	 
عمر	عمر	عمر	 
كم	كم	كم	 
تجيني	تجيني	تجي+ني	 
إلي	إلي	إلي	 
الجو	ال+جو	ال+جو	 
حال	حال	حال	 
عيني	عين+ي	عيني	 
كلمه	ك+لم+ه	كلم+ه	 
احنا	اح+نا	احنا	 
العالم	ال+عالم	ال+عالم	 
وأنا	و+أنا	و+أنا	 
ولد	ولد	ولد	 
وجهي	وجه+ي	وجه+ي	 
ألف	ألف	ألف	 
؟!	؟ !	؟!	 
احس	احس	احس	 
احط	احط	احط	 
كلش	كلش	كل+ش	 
حكي	حكي	حكي	 
كله	كل+ه	كل+ه	 
كلي	كلي	كل+ي	 
مافيه	مافي+ه	ما+فيه	 
لج	لج	لج	 
تفكرين	تفكر+ين	تفكر+ين	 
الغياب	ال+غياب	ال+غياب	 
يمكن	يمكن	يمكن	 
@LiliMoonl207	@ LiliMoonl207	@LiliMoonl207	 
فـي	في	في	 
تسوين	تسوين	تسو+ين	 
قدرت	قدر+ت	قدر+ت	 
بنت	بنت	بنت	 
أكرم	أكرم	أكرم	 
اخاف	اخاف	اخاف	 
اسمع	اسمع	اسمع	 
فاضيه	فاضي+ه	فاضي+ه	 
شاعر	شاعر	شاعر	 
اصلا	اصلا	اصل+ا	 
ربك	ربك	رب+ك	 
شكلها	شكل+ها	شكل+ها	 
بعدين	بعد+ين	بعد+ين	 
ماكو	ماكو	ما+كو	 
بالوقت	ب+ال+وقت	ب+ال+وقت	 
اهل	اهل	اهل	 
البحرين	ال+بحرين	ال+بحر+ين	 
يرزقني	يرزقني	يرزق+ني	 
تيل	تيل	تيل	 
ندري	ندري	ندر+ي	 
ريحة	ريح+ة	ريح+ة	 
وهذا	و+هذا	و+هذا	 
بنفسه	ب+نفس+ه	ب+نفس+ه	 
مايحتاج	مايحتاج	ما+يحتاج	 
تخلي	تخلي	تخلي	 
توقف	توقف	توقف	 
عليا	عليا	علي+ا	 
الليل	ال+ليل	ال+ليل	 
شيخ	شيخ	شيخ	 
ماذا	ماذا	ما+ذا	 
راوني	راوني	راو+ني	 
شويه	شوي+ه	شوي+ه	 
تقعد	تقعد	تقعد	 
يعيب	يعيب	يعيب	 
أقول	أقول	أقول	 
افرق	افرق	افرق	 
الف	الف	الف	 
دمعة	دمع+ة	دمع+ة	 
كأني	ك+أني	كأن+ي	 
مانبي	مانبي	ما+نبي	 
حنين	حنين	حنين	 
عرق	عرق	عرق	 
اشوف	اشوف	اشوف	 
خاطر	خاطر	خاطر	 
راضي	راضي	راضي	 
قالها	قال+ها	قال+ها	 
طبعك	طبع+ك	طبع+ك	 
الشخص	ال+شخص	ال+شخص	 
شوفوا	شوف+وا	شوف+وا	 
طنش	طنش	طن+ش	 
سعودي	سعودي	سعود+ي	 
مكتوب	مكتوب	مكتوب	 
دنياي	دني+ا+ي	دنيا+ي	 
اكتب	اكتب	اكتب	 
حركة	حرك+ة	حرك+ة	 
شوق	شوق	شوق	 
احين	احين	اح+ين	 
كشخه	ك+شخ+ه	كشخ+ه	 
اللون	ال+لون	ال+لون	 
هيوك	هيوك	هي+و+ك	 
دامك	دام+ك	دام+ك	 
الشوق	ال+شوق	ال+شوق	 
نمت	نم+ت	نم+ت	 
وعنده	و+عند+ه	و+عند+ه	 
حاطه	حاط+ه	حاط+ه	 
عيب	عيب	عيب	 
خلك	خلك	خل+ك	 
صباحي	صباحي	صباح+ي	 
فقد	ف+قد	ف+قد	 
مثلك	مثل+ك	مثل+ك	 
جوال	جوال	جوال	 
ايه	اي+ه	ايه	 
صوتي	صوتي	صوت+ي	 
ثاني	ثاني	ثاني	 
شنب	شنب	شنب	 
شنو	شنو	شن+و	 
رايحين	رايح+ين	رايح+ين	 
متى	متى	متى	 
ثقيل	ثقيل	ثقيل	 
اليتيم	ال+يتيم	ال+يتيم	 
السؤال	ال+سؤال	ال+سؤال	 
[	[	[	 
اهلك	اهلك	اهلك	 
لوحة	لوح+ة	لوح+ة	 
مومعقوله	مومعقوله	مومعقول+ه	 
بكل	ب+كل	ب+كل	 
برا	بر+ا	برا	 
تدري	تدري	تدري	 
تتحول	تتحول	تتحول	 
الوصل	ال+وصل	ال+وصل	 
باب	باب	باب	 
مين	مين	مين	 
~o)	~ o )	)	 
"?"""	"? """	"?"""	 
والديكم	والد+ي+كم	والدي+كم	 
زعلان	زعلان	زعلان	 
وفي	و+في	و+في	 
بالي	بالي	بال+ي	 
أثناء	أثناء	أثناء	 
عيونك	عيون+ك	عيون+ك	 
تعال	تعال	تعال	 
كامل	كامل	كامل	 
دبي	دبي	دبي	 
جيت	جيت	جيت	 
السالفه	ال+سالفه	ال+سالف+ه	 
غصه	غص+ه	غص+ه	 
يارب	يارب	يارب	 
بقى	بقى	بقى	 
"??"""	"? ? """	"??"""	 
كأنك	كأن+ك	كأن+ك	 
شفتوني	شفتوني	شفتون+ي	 
كفو	كفو	كف+و	 
حآجه	حآج+ه	حآج+ه	 
ماا	ما+ا	ماا	 
يشبه	يشبه	يشب+ه	 
تحت	تحت	تحت	 
بحة	بح+ة	بح+ة	 
جروح	جروح	جروح	 
صور	صور	صور	 
برقم	ب+رقم	ب+رقم	 
قصه	قص+ه	قص+ه	 
ماله	مال+ه	ما+ل+ه	 
فكره	فكر+ه	فكر+ه	 
تبدأ	تبدأ	تبدأ	 
سيارة	سيار+ة	سيار+ة	 
قال:	قال :	قال:	 
مشاعرك	مشاعر+ك	مشاعر+ك	 
يرحم	يرحم	يرحم	 
حبه	حب+ه	حب+ه	 
بكره	بكره	بكر+ه	 
ا?	ا ?	ا?	 
وناسه	و+ناس+ه	و+ناس+ه	 
يدك	يد+ك	يد+ك	 
منهم	من+هم	من+هم	 
وياهم	و+يا+هم	وي+اهم	 
جاي	جاي	جاي	 
سالفة	سالف+ة	سالف+ة	 
دقيقة	دقيق+ة	دقيق+ة	 
تكون	تكون	تكون	 
(:	( :	(:	 
وحچي	وح چ ي	و+حچي	 
اللهم	اللهم	اللهم	 
حاجه	حاج+ه	حاج+ه	 
الوحيده	ال+وحيده	ال+وحيد+ه	 
نسيت	نسي+ت	نسي+ت	 
صج	صج	صج	 
والعين	و+ال+عين	و+ال+عين	 
عيون	عيون	عيون	 
يمقن	يمقن	يمقن	 
غلاك	غلا+ك	غل+ا+ك	 
جميل	جميل	جميل	 
يمه	يمه	يم+ه	 
داعي	داعي	داعي	 
شلت	شل+ت	شلت	 
فى	فى	فى	 
اطبك	اطب+ك	اطب+ك	 
الغريب	ال+غريب	ال+غريب	 
مريض	مريض	مريض	 
ابتسم	ابتسم	ابتسم	 
حسبي	حسب+ي	حسب+ي	 
:)	: )	:)	 
انها	انها	ان+ها	 
واضح	واضح	واضح	 
صوته	صوت+ه	صوت+ه	 
حد	حد	حد	 
التويتر	ال+تويتر	ال+تويتر	 
بدون	ب+دون	بدون	 
ذا	ذا	ذا	 
الفنجال	ال+فنجال	ال+فنجال	 
يبا	يبا	يب+ا	 
احلى	احلى	احلى	 
سويت	سوي+ت	سوي+ت	 
تعبت	تعب+ت	تعب+ت	 
لهم	ل+هم	ل+هم	 
إني	إن+ي	إن+ي	 
قـادر	قادر	قادر	 
ابريل	ابريل	ابريل	 
سجاجين	سجاجين	سجاج+ين	 
الأكل	ال+أكل	ال+أكل	 
اخترع	اخترع	اخترع	 
اصدق	اصدق	اصدق	 
خمس	خمس	خمس	 
مشتاق	مشتاق	مشتاق	 
اصعب	اصعب	اصعب	 
وإنت	و+إن+ت	و+إنت	 
الدوري	ال+دوري	ال+دوري	 
??.	? ? .	??.	 
وياك	و+يا+ك	وي+ا+ك	 
أكثر	أكثر	أكثر	 
منها	من+ها	من+ها	 
دقايق	دقايق	دقايق	 
بصراحه	ب+صراح+ه	ب+صراح+ه	 
ولامال	و+ل+امال	و+لامال	 
دونك	دون+ك	دون+ك	 
•	•	•	 
معاهم	معا+هم	معا+هم	 
سنين	سن+ين	سنين	 
رئيس	رئيس	رئيس	 
لنا	ل+نا	ل+نا	 
الحكي	ال+حكي	ال+حكي	 
تدمع	تدمع	تدمع	 
الصيف	ال+صيف	ال+صيف	 
أمه	أم+ه	أم+ه	 
ملعب..	ملعب . .	ملعب..	 
اخوي	اخوي	اخو+ي	 
كبر	كبر	كبر	 
العذر	ال+عذر	ال+عذر	 
البرد	ال+برد	ال+برد	 
ههههه	ههههه	ههههه	 
الله...	الله . . .	ال+له...	 
حنا	حنا	حن+ا	 
حبيتك	حبي+ت+ك	حبي+ت+ك	 
وممتلي	و+ممتلي	و+ممت+ل+ي	 
يوقف	يوقف	يوقف	 
صدق	صدق	صدق	 
تخيلوا	تخيل+وا	تخيل+وا	 
والقى	و+القى	و+القى	 
تصارخ	تصارخ	تصارخ	 
كتاب	كتاب	كتاب	 
عقب	عقب	عقب	 
شعرك	شعر+ك	شعر+ك	 
بسم	بسم	بسم	 
مصدر	مصدر	مصدر	 
صحيح	صحيح	صحيح	 
اللہ	الل ہ	اللہ	 
ظني	ظن+ي	ظن+ي	 
واثق	واثق	واثق	 
يحب	يحب	يحب	 
عمرك	عمر+ك	عمر+ك	 
معي	مع+ي	مع+ي	 
..!	. . !	..!	 
ادري	ادري	ادري	 
اللى	اللى	اللى	 
أسمي	أسمي	أسم+ي	 
يحبك	يحبك	يحبك	 
ماهو	ماهو	ما+هو	 
ماهي	ماهي	ما+هي	 
فيهم	في+هم	في+هم	 
وكل	و+كل	و+كل	 
خذ	خذ	خذ	 
خط	خط	خط	 
المطر	ال+مطر	ال+مطر	 
افكر	افكر	افكر	 
جذبة	جذب+ة	جذب+ة	 
بنات	بن+ات	بنات	 
ولكن	و+لكن	و+لكن	 
جنت	جن+ت	جن+ت	 
راحتك	راح+ت+ك	راح+ت+ك	 
رغم	رغم	رغم	 
الفتره	ال+فتره	ال+فتر+ه	 
غرفتي	غرفتي	غرف+تي	 
#bahrain	# bahrain	#بهرن	 
ادور	ادور	ادور	 
تاخذ	تاخذ	تاخذ	 
يسولف	يسولف	يسولف	 
احتاج	احتاج	احتاج	 
العود	ال+عود	ال+عود	 
غلط	غلط	غلط	 
ينزف	ينزف	ينزف	 
عيال	عيال	عيال	 
يوصل	يوصل	يوصل	 
يدقق	يدقق	يدقق	 
مره	مر+ه	مر+ه	 
اسويه	اسو+ي+ه	اسوي+ه	 
إلى	إلى	إلى	 
عنك	عن+ك	عن+ك	 
#بس_اقول	# بس_اقول	#بس_اقول	 
هوا	هو+ا	هو+ا	 
يجذب	يجذب	يجذب	 
أني	أن+ي	أني	 
علشان	علشان	علشان	 
ينسى	ينسى	ينسى	 
يقدر	يقدر	يقدر	 
مهموم	مهموم	مهموم	 
سبتني	سبتني	سبت+ني	 
غيرت	غير+ت	غير+ت	 
وانتم	و+انتم	و+انتم	 
تريد	تريد	تريد	 
معاكم	معا+كم	معا+كم	 
كتب	كتب	كتب	 
تشوف	تشوف	تشوف	 
نروح	نروح	نروح	 
وآحد	و+آحد	وآحد	 
مكان	مكان	مكان	 
انفاسه	انفاس+ه	انفاس+ه	 
دمه	دم+ه	دم+ه	 
عندي	عند+ي	عند+ي	 
عنده	عند+ه	عند+ه	 
انسان	انسان	انسان	 
العين	ال+عين	ال+عين	 
الذي	الذي	الذي	 
الحرام	ال+حرام	ال+حرام	 
قالوا	قال+وا	قال+وا	 
القديم	ال+قديم	ال+قديم	 
هنا	هنا	هنا	 
اغنيه	اغني+ه	اغني+ه	 
وجهك	وجه+ك	وجه+ك	 
اكسر	اكسر	اكسر	 
فاضي	فاضي	فاضي	 
اشتقت	اشتق+ت	اشتق+ت	 
بشويش	ب+شويش	ب+شوي+ش	 
الحي	ال+حي	ال+حي	 
حاول	حاول	حاول	 
اطلع	اطلع	اطلع	 
واقعد	و+اقعد	و+اقعد	 
منت	من+ت	من+ت	 
حسابي	حسابي	حساب+ي	 
تسأل	تسأل	تسأل	 
منك	من+ك	من+ك	 
صورتي	صورتي	صور+تي	 
بتويتر	ب+تويتر	ب+تويتر	 
شكل	شكل	شكل	 
وهم	و+هم	وهم	 
*	*	ذ	 
بداخلي	ب+داخلي	ب+داخل+ي	 
كلن	ك+لن	كلن	 
كلك	كلك	كل+ك	 
جداً	جد+ا	جدا	 
يشوفني	يشوفني	يشوف+ني	 
يسعد	يسعد	يسعد	 
ماعندي	ماعندي	ما+عندي	 
البدو	ال+بدو	ال+بدو	 
صوره	صور+ه	صور+ه	 
اساس	اساس	اساس	 
الشخـص	ال+شخص	ال+شخص	 
الايميل	ال+ايميل	ال+ايميل	 
عود	عود	عود	 
جنبنا	جنب+نا	جنب+نا	 
الجامعه	ال+جامعه	ال+جامع+ه	 
أبلعي	أبلع+ي	أبلع+ي	 
تذكر	تذكر	تذكر	 
الفعول	ال+فعول	ال+فعول	 
يضايقك	يضايقك	يضايق+ك	 
القهوة	ال+قهو+ة	ال+قهو+ة	 
الاتكيت	ال+اتكيت	ال+اتكي+ت	 
قدرك	قدر+ك	قدر+ك	 
@FalconHurr	@ FalconHurr	@FalconHurr	 
بيرحلون	بيرحلون	ب+يرحلون	 
اشووو	اشووو	اشووو	 
انزين	انزين	انزين	 
وقتها	وقت+ها	وقت+ها	 
ماذكر	ماذكر	ما+ذكر	 
وعييييييييييييييييييييييييييييييش	وعييييييييييييييييييييييييييييييش	وعييييييييييييييييييييييييييييييش	 
سمعت	سمع+ت	سمع+ت	 
ها	ها	ها	 
تسحب	تسحب	تسحب	 
أنتظرها????	أنتظر+ها ? ? ? ?	أنتظرها????	 
يبيلها	يبيل+ها	يبيل+ها	 
كلامنا	كلام+نا	كلام+نا	 
يدهم	يدهم	يد+هم	 
بالماضي	ب+ال+ماضي	ب+ال+ماضي	 
مُجرد	مجرد	مجرد	 
#امي	# امي	#ام+ي	 
ل	ل	ل	 
هل	هل	هل	 
النهايات	ال+نهاي+ات	ال+نهاي+ات	 
ويكفي	و+يكفي	و+يكفي	 
هـ	ه	ه	 
سجل	سجل	سجل	 
الأرض	ال+أرض	ال+أرض	 
ياحسين	ياحسين	ياحس+ين	 
مشترك	مشترك	مشترك	 
هدي	هدي	ه+دي	 
ابقي	ابقي	ابقي	 
وماكو	و+ماكو	و+ماك+و	 
المستقبل	ال+مستقبل	ال+مستقبل	 
فضا	فضا	فض+ا	 
اسمك	اسم+ك	اسم+ك	 
كالحمار	ك+ال+حمار	كالحمار	 
ببروفايله	ببروفايله	ب+بروفايل+ه	 
اتصال	اتصال	اتصال	 
چلب	چ لب	چلب	 
طبطبه	طبطب+ه	طبطب+ه	 
العظيم	ال+عظيم	ال+عظيم	 
يلف	يلف	يلف	 
#خربشه_عاشق	# خربشهUNDERSCOREعاشق	#خربشه_عاشق	 
المراقيب	ال+مراقيب	ال+مراقيب	 
بحياتك	ب+حيا+ت+ك	ب+حيا+ت+ك	 
ملفاي،	ملفاي ،	ملفاي،	 
الهيكل	ال+هيكل	ال+هيكل	 
"~o)."""	"~ o ) . """	")."""	 
"."""	". """	"."""	 
لاتندم	لاتندم	ل+اتندم	 
مشراف	مشراف	مشراف	 
والنهايه	و+ال+نهايه	و+ال+نهايه	 
تاكد	تاكد	تاكد	 
مفهوم????	مفهوم ? ? ? ?	مفهوم????	 
انج	انج	انج	 
أدور	أدور	أدور	 
اساعدك??	اساعدك ? ?	اساعدك??	 
ماتمادى	ماتمادى	م+اتماد+ى	 
معاتب	معاتب	معاتب	 
،والعمر	، و+ال+عمر	،والعمر	 
معها	مع+ها	مع+ها	 
ستاره	ستار+ه	ستار+ه	 
كان.	كان .	كان.	 
#الحوت	# ال+حوت	#الحو+ت	 
أسمع	أسمع	أسمع	 
الطيب	ال+طيب	ال+طيب	 
أي	أي	أي	 
الرضاء	ال+رضاء	ال+رضاء	 
وجزالة	و+جزال+ة	و+جزال+ة	 
يلا	يلا	يلا	 
اعوج	اعوج	اعوج	 
@MariamAlFalasi_	@ MariamAlFalasiUNDERSCORE	@MariamAlFalasi_	 
اسمر	اسمر	اسمر	 
البارح	ال+بارح	ال+بارح	 
يِشوف	يشوف	يشوف	 
تتنظر	تتنظر	تتنظر	 
فهمتوا؟	فهمت+وا ؟	ف+همتوا؟	 
نخاف	نخاف	نخاف	 
يردها	يرد+ها	يرد+ها	 
الابيات	ال+ابي+ات	ال+ابي+ات	 
ناقصين	ناقص+ين	ناقص+ين	 
صباحاتي	صباح+ات+ي	صباحا+تي	 
اودي	اودي	اود+ي	 
وانزل	و+انزل	و+انزل	 
ورحت	و+رح+ت	و+رح+ت	 
خالعه	خالع+ه	خالع+ه	 
بالشؤن	ب+ال+شؤن	ب+ال+شؤن	 
دووم	دووم	دووم	 
اغني	اغني	اغني	 
الفلانيه	ال+فلانيه	ال+فلاني+ه	 
استيقظ	استيقظ	استيقظ	 
شرطه	شرط+ه	شرط+ه	 
مـذبّـه	مذب+ه	مذب+ه	 
وسبت	و+سبت	و+سبت	 
زماني	زماني	زم+ان+ي	 
العراقيين	ال+عراقي+ين	ال+عراقي+ين	 
وحزن	و+حزن	و+حزن	 
شريك	شريك	شر+ي+ك	 
وأبيض	و+أبيض	و+أبيض	 
هالاشكال	هالاشكال	ه+الاشكال	 
خالي	خال+ي	خال+ي	 
وآن	و+آن	و+آن	 
...والتوفيق	. . . و+ال+توفيق	...والتوفيق	 
يمهم	يمهم	يم+هم	 
يدعي	يدعي	يدعي	 
ومحزمك	و+محزمك	و+محزم+ك	 
لاحظ	لاحظ	لاحظ	 
هالأغنيه	هالأغنيه	ه+الأغن+ي+ه	 
وعلقت	و+علق+ت	و+علق+ت	 
السيارة	ال+سيار+ة	ال+سيار+ة	 
همتهم	همتهم	ه+مت+هم	 
‹!	‹ !	‹!	 
للحياه	ل+ال+حياه	ل+ل+حياه	 
99	99	99	 
غيرها	غير+ها	غير+ها	 
‹›	‹ ›	‹›	 
تاكليني	تاكليني	تاكل+ي+ني	 
الجبل	ال+جبل	ال+جبل	 
بشرني	ب+شرني	ب+شر+ني	 
بدونكك	بدونكك	ب+دونك+ك	 
حملتها	حمل+ت+ها	حمل+ت+ها	 
والوقــت	و+ال+وقت	و+ال+وقت	 
القصاص	ال+قصاص	ال+قصاص	 
يبيـك	يبيك	يب+ي+ك	 
رومنسيات	رومنسي+ات	رومنسي+ات	 
كالكلب	ك+ال+كلب	كالكلب	 
ربه	رب+ه	رب+ه	 
أمه:	أم+ه :	أمه:	 
@Wesal_TV	@ WesalUNDERSCORETV	@Wesal_TV	 
سكرتيره	سكرتير+ه	سكرتير+ه	 
حلمي	حلمي	حلمي	 
باليونايتد	ب+ال+يونايتد	ب+ال+يونايتد	 
رجاء	رجاء	رجاء	 
تسمعين	تسمع+ين	تسمع+ين	 
أحبک	أحب ک	أحبک	 
رافجوني	رافجوني	رافجون+ي	 
هاد	هاد	ه+اد	 
يجذبه	يجذب+ه	يجذب+ه	 
يعوضني	يعوضني	يعوض+ني	 
كبرّني	ك+برني	كبر+ني	 
مالته	مال+ت+ه	مال+ت+ه	 
تبين	تبين	تبين	 
يأكل	يأكل	يأكل	 
سـود	سود	سود	 
يخالفك	يخالفك	يخالف+ك	 
تعطي	تعطي	تعطي	 
..ارجعيلي	. . ارجعيلي	..ارجعيل+ي	 
دنيتيّ?.	دني+ت+ي ? .	دنيتي?.	 
الدلالي	ال+دلالي	ال+دلالي	 
الباب	ال+باب	ال+باب	 
الشخصيه	ال+شخصيه	ال+شخصي+ه	 
شاف	شاف	شاف	 
شان	شان	شان	 
سروال	سروال	سروال	 
جزيله	جزيل+ه	جزيل+ه	 
شاي	شاي	شاي	 
حبيت	حبي+ت	حبي+ت	 
@Faisalalfadhle	@ Faisalalfadhle	@Faisalalfadhle	 
فلس..	فلس . .	ف+لس..	 
نتعرف	نتعرف	نتعرف	 
البال	ال+بال	ال+بال	 
حالج	حالج	ح+الج	 
باين	باين	باين	 
القتل	ال+قتل	ال+قتل	 
@chanyol_	@ chanyolUNDERSCORE	@chanyol_	 
بجد	ب+جد	ب+جد	 
سوداني	سوداني	سود+ان+ي	 
ياعالم	ياعالم	ياعالم	 
نسافر	نسافر	نسافر	 
شكثر	شكثر	شكثر	 
طلعت	طلع+ت	طلع+ت	 
يخيب	يخيب	يخيب	 
#الزواج_التقليدي	# الزواجUNDERSCOREالتقليدي	#الزواج_التقليد+ي	 
نصحت	نصح+ت	نصح+ت	 
وابتسم	و+ابتسم	و+ابتسم	 
باهت'ن	باهت ' ن	ب+اهتءن	 
البعض	ال+بعض	ال+بعض	 
حاطين	حاط+ين	حاط+ين	 
أحنا	أح+نا	أحنا	 
يغني	يغني	يغني	 
بقوه	ب+قوه	ب+قوه	 
هيئه	هيئ+ه	هيئ+ه	 
وإذا	و+إذا	و+إذا	 
وتختار	و+تختار	و+تختار	 
@BesanSaad1	@ BesanSaad1	@BesanSaad1	 
أنتي	أنت+ي	أن+ت+ي	 
تشيل	تشيل	تشيل	 
بنآت	بنآت	بنآ+ت	 
شبعانه	شبعان+ه	شبع+ان+ه	 
قآل	قآل	قآل	 
الحقران	ال+حقر+ان	ال+حقران	 
بدنيااِي	بدنيااي	بدنياا+ي	 
سرقتہ	سرق+ت ہ	سرقتہ	 
6..	6 . .	6..	 
اكاونتاتهم	اكاونتاتهم	اكاونتات+هم	 
يسويلك	يسويلك	يسوي+ل+ك	 
ودعواتهم	و+دعو+ات+هم	ودعوات+هم	 
اهو	اهو	اهو	 
نفسك،	نفس+ك ،	نفسك،	 
كفيني	ك+فين+ي	كف+ي+ني	 
السكول	ال+سكول	ال+سكول	 
الجراح	ال+جراح	ال+جراح	 
انهم	انهم	ان+هم	 
يعمر	يعمر	يعمر	 
سوف	سوف	سوف	 
وكبه	وكب+ه	و+كب+ه	 
اسابيع	اسابيع	اسابيع	 
ريحه	ريح+ه	ريح+ه	 
كاره	كار+ه	كاره	 
"""@MohdMamdooh:"	""" @ MohdMamdooh :"	"""@MهدMمده:"	 
احدن	احدن	احدن	 
منقصه	منقص+ه	منقص+ه	 
الفريزر	ال+فريزر	ال+فريزر	 
وكلمة	و+كلم+ة	و+كلم+ة	 
بعطيك	ب+عطي+ك	ب+عطي+ك	 
كلهم	كل+هم	كل+هم	 
بالوقت!	ب+ال+وقت !	ب+ال+وقت!	 
الثلاجه	ال+ثلاجه	ال+ثلاج+ه	 
ابن	ابن	ابن	 
واجبهم))	واجب+هم ) )	و+اجبهم))	 
http://t.co/BFpVIQ3ecc	http : / / t . co / BFpVIQ3ecc	http://t.co/BFpVIQ3ecc	 
فرصتكم،	فرص+ت+كم ،	ف+رصتكم،	 
سوي	سوي	سو+ي	 
واسمائهم	و+اسمائ+هم	و+اسمائ+هم	 
؟؟!!	؟ ؟ ! !	؟؟!!	 
ريلها	ريل+ها	ريل+ها	 
ي?	ي ?	ي?	 
ورازقها	و+رازق+ها	و+رازق+ها	 
غاز	غاز	غاز	 
منصدم	منصدم	منصدم	 
الشف	ال+شف	ال+شف	 
الشق	ال+شق	ال+شق	 
شبعان??	شبعان ? ?	شبعان??	 
مُش	مش	مش	 
والسعادة	و+ال+سعاد+ة	و+ال+سعادة	 
اهد	اهد	اهد	 
أحسن	أحسن	أحسن	 
منصاب	منصاب	منصاب	 
يقولي	يقولي	يقولي	 
اكتشف	اكتشف	اكتشف	 
فيرغي	فيرغي	ف+يرغي	 
رايق	رايق	رايق	 
الزبالة،	ال+زبال+ة ،	ال+زبالة،	 
رايف	رايف	رايف	 
مستواك؟	مستواك ؟	مستواك؟	 
جسمي	جسم+ي	جسم+ي	 
ريتويت	ريتويت	ريتويت	 
تكلم	تكلم	تكلم	 
حنّا	حنا	حن+ا	 
السرحه	ال+سرحه	ال+سرح+ه	 
أبيك	أبيك	أب+ي+ك	 
هقوه	هقو+ه	ه+قوه	 
تعبنا	تعب+نا	تعب+نا	 
القلوب	ال+قلوب	ال+قلوب	 
هذيه	هذي+ه	هذي+ه	 
خروف	خروف	خروف	 
يردني	يردني	يرد+ني	 
الدببه	ال+دببه	ال+دبب+ه	 
اغديكم	اغدي+كم	اغدي+كم	 
بصوت	ب+صوت	ب+صوت	 
البعيد	ال+بعيد	ال+بعيد	 
الغباء	ال+غباء	ال+غباء	 
ضاع	ضاع	ضاع	 
ربعك	ربع+ك	ربع+ك	 
ينكد	ينكد	ينكد	 
زوجها	زوج+ها	زوج+ها	 
ياعتب	ياعتب	ياعتب	 
ثواني	ثواني	ثواني	 
يهمونك	يهمونك	يهمون+ك	 
جوالك	جوال+ك	جوا+ل+ك	 
وحظي	و+حظي	و+حظي	 
ابدل	ابدل	ابدل	 
رايد	رايد	رايد	 
رايح	رايح	رايح	 
باله.”@memaz	بال+ه . ” @ memaz	ب+ال+ه.”@مeمز	 
أمه،قالت	أم+ه ، قال+ت	أمه،قال+ت	 
انأم	انأم	انأم	 
أبيخ	أبيخ	أبيخ	 
تحول	تحول	تحول	 
100000	100000	100000	 
غيران	غيران	غير+ان	 
عليج	عليج	ع+ليج	 
بالكالوريز	ب+ال+كالوريز	بالكالوريز	 
البروجيكتر	ال+بروجيكتر	ال+بروجيكتر	 
،ومن	، و+من	،ومن	 
مايفل	مايفل	ما+يفل	 
وشويه	و+شوي+ه	و+شويه	 
ولصبح	و+ل+صبح	و+لصبح	 
وراه	ورا+ه	ورا+ه	 
للذكرى	ل+ال+ذكرى	ل+ل+ذكرى	 
الشيخ	ال+شيخ	ال+شيخ	 
اع?ذر	اع ? ذر	اع?ذر	 
اشياء	اشياء	اشياء	 
المنظم	ال+منظم	ال+منظم	 
غيبة	غيب+ة	غيب+ة	 
شربت	شرب+ت	شرب+ت	 
مسعاك	مسعا+ك	مسعا+ك	 
ثعلب	ثعلب	ثعلب	 
كتير	كتير	كتير	 
المايك	ال+مايك	ال+مايك	 
ضميري	ضمير+ي	ضمير+ي	 
قسمًا	قسم+ا	قسم+ا	 
يطمنك	يطمنك	يطمن+ك	 
لرسمت	ل+رسم+ت	ل+رسمت	 
تتضايقين	تتضايقين	تتضايق+ين	 
جلست	جلس+ت	جلس+ت	 
بالحب	ب+ال+حب	ب+ال+حب	 
تجرح	تجرح	تجرح	 
المكسور	ال+مكسور	ال+مكسور	 
وقاع	و+قاع	و+قاع	 
شين	شين	شين	 
عاام	عاام	عاام	 
الابله	ال+ابله	ال+ابل+ه	 
أمزح	أمزح	أمزح	 
يكفي	يكفي	يكفي	 
ووصلت	و+وصل+ت	و+وصل+ت	 
جعلني	جعلني	جعل+ني	 
اربعين؟	اربع+ين ؟	اربعين؟	 
وقلبة	و+قلب+ة	و+قلب+ة	 
يغطّيه	يغطي+ه	يغطي+ه	 
البطيخ	ال+بطيخ	ال+بطيخ	 
ذكراك	ذكرا+ك	ذكر+ا+ك	 
ولتخلي	و+ل+تخلي	و+لتخ+ل+ي	 
نعيش	نعيش	نعيش	 
أبا	أب+ا	أب+ا	 
اسبه	اسبه	اسب+ه	 
ترتاحين	ترتاحين	ترتاح+ين	 
@Badar7_7	@ Badar7UNDERSCORE7	@Badar7_7	 
يـوم	يوم	يوم	 
خافي	خافي	خاف+ي	 
وأشوفك	و+أشوفك	و+أشوف+ك	 
بنسوقها	ب+نسوق+ها	ب+نسوق+ها	 
الجالس	ال+جالس	ال+جالس	 
تدش	تدش	تدش	 
يحطونه	يحطون+ه	يحطون+ه	 
ابتسامه	ابتسام+ه	ابتسام+ه	 
حلوة	حلو+ة	حلو+ة	 
أشوف	أشوف	أشوف	 
اختنقت	اختنق+ت	اختنق+ت	 
((استهداف	( ( استهداف	((استهداف	 
شوارع	شوارع	شوارع	 
يالييل	يالييل	يالييل	 
مغنيني	مغنيني	مغني+ني	 
بنفسك.	ب+نفس+ك .	بنفسك.	 
ولده	ولد+ه	ولد+ه	 
صبور	صبور	صبور	 
أختها.	أخت+ها .	أختها.	 
طلاتك	طلا+ت+ك	طل+ات+ك	 
ظهريه	ظهري+ه	ظهري+ه	 
وجنبك	و+جنب+ك	و+جنب+ك	 
"تهده""??????"	"تهد+ه "" ? ? ? ? ? ?"	"تهده""??????"	 
مايقبل	مايقبل	ما+يقبل	 
يعين	يعين	يع+ين	 
صورتكم	صور+ت+كم	صور+ت+كم	 
خلوا	خلو+ا	خلو+ا	 
صورتي؟	صورتي ؟	صورتي؟	 
قسمبلااه	قسمبلااه	قسمبلا+ا+ه	 
يعيش	يعيش	يعيش	 
أعتذر	أعتذر	أعتذر	 
صداقاتك	صداق+ات+ك	صداق+ات+ك	 
مينهز	مينهز	مينهز	 
بسلامه	ب+سلام+ه	ب+سلام+ه	 
اكتبها	اكتب+ها	اكتب+ها	 
أقوم	أقوم	أقوم	 
خاابرني	خاابرني	خاابرن+ي	 
متفائل	متفائل	متفائل	 
ابتسامة	ابتسام+ة	ابتسام+ة	 
قوي	قوي	قوي	 
يحسدونه	يحسدونه	يحسدون+ه	 
جواتي	جو+ات+ي	جوا+تي	 
عندكم!	عند+كم !	عندكم!	 
قوم	قوم	قوم	 
قول	قول	قول	 
دور	دور	دور	 
بالقلب	ب+ال+قلب	ب+ال+قلب	 
مالنا	مال+نا	مال+نا	 
مستوعــب	مستوعب	مستوعب	 
حكومة	حكوم+ة	حكومة	 
غصن	غصن	غصن	 
التغريدة	ال+تغريد+ة	ال+تغريد+ة	 
الباطل	ال+باطل	ال+باطل	 
بالدرج	ب+ال+درج	ب+ال+درج	 
تغريده	تغريد+ه	تغريد+ه	 
الجذب	ال+جذب	ال+جذب	 
واجه	واجه	واجه	 
ذعـاذيـع	ذعاذيع	ذعاذيع	 
يقول:	يقول :	يقول:	 
بعينك	ب+عين+ك	ب+عين+ك	 
داليندا	داليندا	داليند+ا	 
ولدكم	ولد+كم	ولد+كم	 
بخيل	ب+خيل	ب+خيل	 
الهمـوم	ال+هموم	ال+هموم	 
الملعب	ال+ملعب	ال+ملعب	 
يـ	ي	ي	 
لفعل	ل+فعل	ل+فعل	 
نسوي	نسوي	نسوي	 
يعرفه	يعرف+ه	يعرف+ه	 
الصبح	ال+صبح	ال+صبح	 
نسى	نسى	نسى	 
ياموطني	ياموطني	ياموط+ني	 
حجر	حجر	حجر	 
للاتحاد	ل+ال+اتحاد	ل+ل+اتحاد	 
ازيد	ازيد	ازيد	 
يضحك	يضحك	يضحك	 
وقربك	و+قرب+ك	و+قرب+ك	 
بركض	ب+ركض	ب+ركض	 
بلنتي	ب+لن+ت+ي	ب+لن+ت+ي	 
روحي	روح+ي	روحي	 
الأتكيت	ال+أتكيت	ال+أتكيت	 
مايقدرون	مايقدرون	مايقدرون	 
لاصار	ل+اصار	ل+اصار	 
سامر	سامر	سامر	 
@Nero_996	@ NeroUNDERSCORE996	@Nero_996	 
يوم؟	يوم ؟	يوم؟	 
ولاكل	و+ل+اكل	ولاكل	 
لاين	لاين	لاين	 
ليعاتب	ل+يعاتب	ل+يعاتب	 
يضمني	يضمني	يضمن+ي	 
هونت	هون+ت	هون+ت	 
اكويه	اكوي+ه	اكوي+ه	 
ماغبت	ماغبت	ماغب+ت	 
عججزت	عججزت	عججز+ت	 
مسرح	مسرح	مسرح	 
تغريدة	تغريد+ة	تغريد+ة	 
اميمتي	اميمتي	اميم+تي	 
برشلونه	برشلونه	برشلونه	 
مرهونه	مرهون+ه	مرهون+ه	 
اقفل	اقفل	اقفل	 
مغروره	مغرور+ه	مغرور+ه	 
للجميع	ل+ال+جميع	ل+ل+جميع	 
قدامها	قدام+ها	قدام+ها	 
زملائه	زملائ+ه	زملائ+ه	 
يضغطونه	يضغطون+ه	يضغطون+ه	 
اكتشف.............??????	اكتشف . . . . . . . . . . . . . ? ? ? ? ? ?	اكتشف.............??????	 
وبا?خير	وب+ا ? خير	و+با?خير	 
الظريف	ال+ظريف	ال+ظريف	 
وأرضنا	و+أرض+نا	و+أرض+نا	 
محترم	محترم	محترم	 
ماحب	ماحب	ما+حب	 
يدفوا	يدف+وا	يدف+وا	 
الدوامات	ال+دوام+ات	ال+دوام+ات	 
الغرفه	ال+غرفه	ال+غرف+ه	 
أنخرست	أنخرست	أنخرس+ت	 
تركيا	تركيا	تركيا	 
التوحد	ال+توحد	ال+توحد	 
لجل	ل+جل	ل+جل	 
تنام	تنام	تنام	 
#راحو	# راحو	#راحو	 
الهلال	ال+هلال	ال+هلال	 
مراسيم	مراسيم	مراسيم	 
http://t.co/HQwKmaZv04	http : / / t . co / HQwKmaZv04	http://t.co/HQwKmaZv04	 
الصور.	ال+صور .	ال+صور.	 
أصفق	أصفق	أصفق	 
مكار	مكار	مكار	 
افهموا	افهم+وا	افهم+وا	 
عرس	عرس	عرس	 
أنواع	أنواع	أنواع	 
بربيع	ب+ربيع	ب+ربيع	 
لبعض	ل+بعض	ل+بعض	 
يتل	يتل	يتل	 
تزايد	تزايد	تزايد	 
طفلين	طفل+ين	طفل+ين	 
فايدة*	فايد+ة *	ف+ايدةذ	 
الحلوه	ال+حلوه	ال+حلو+ه	 
ثلج	ثلج	ثلج	 
مريولك	مريول+ك	مريول+ك	 
عندك[بروشورات/دعايات/تأثيث/ديكور/هدايا/دعوات…الخ]	عند+ك [ بروشورات / دعاي+ات / تأثيث / ديكور / هدايا / دعو+ات … ال+خ ]	عندك[بروشورات/دعايات/تأثيث/ديكور/هدايا/دعوات…الخ]	 
تقلد	تقلد	تقلد	 
اموت	امو+ت	امو+ت	 
بالكاميرا	ب+ال+كاميرا	ب+ال+كاميرا	 
وعدمهم	و+عدم+هم	و+عدم+هم	 
طيارات	طيار+ات	طيار+ات	 
متولعٍ	متولع	متولع	 
اغلى	اغلى	اغلى	 
الفهاوه	ال+فهاوه	ال+فهاو+ه	 
جماعه	جماع+ه	جماع+ه	 
شعور”انتي	شعور ” انتي	شعور”ان+تي	 
تلقاني	تلقاني	تلق+ان+ي	 
هدب	هدب	ه+دب	 
يدّك	يد+ك	يد+ك	 
جربت	جرب+ت	جرب+ت	 
أنصحه	أنصح+ه	أنصح+ه	 
وهيّ	و+هي	و+هي	 
بتاعك	بتاع+ك	بتاع+ك	 
بعدها؟	بعد+ها ؟	بعدها؟	 
طبعي	طبعي	طبع+ي	 
علينا??	علي+نا ? ?	علينا??	 
جده	جد+ه	جد+ه	 
وفلش	وفلش	وفل+ش	 
يشوفون	يشوف+ون	يشوفون	 
الاجر	ال+اجر	ال+اجر	 
مافي	مافي	ما+في	 
يشوف	يشوف	يشوف	 
الاغنية	ال+اغني+ة	ال+اغني+ة	 
ستروا	ستر+وا	ستر+وا	 
حيلة	حيل+ة	حيل+ة	 
مزكم	مز+كم	مز+كم	 
بايدي	ب+ايدي	ب+ايدي	 
جدّي،،	جدي ، ،	جدي،،	 
جروووحي	جروووحي	جروووح+ي	 
#العكر	# ال+عكر	#العكر	 
ياليت	ياليت	ياليت	 
الـهـبـاايب	ال+هباايب	ال+هباايب	 
صلصه،	صلص+ه ،	صلصه،	 
قسوتك	قسو+ت+ك	قسو+ت+ك	 
@alhajrimeshal	@ alhajrimeshal	@alhajrimeshal	 
العتب	ال+عتب	ال+عتب	 
معاك	معا+ك	معا+ك	 
ياليل	ياليل	ياليل	 
الكونسيرت	ال+كونسيرت	ال+كونسير+ت	 
اصافحك	اصافحك	اصافحك	 
يجرالي	يجرالي	يجرالي	 
البايرن	ال+بايرن	ال+بايرن	 
وشههي	و+شههي	و+شههي	 
يحفظها	يحفظ+ها	يحفظ+ها	 
الشمس	ال+شمس	ال+شمس	 
اعبر	اعبر	اعبر	 
هدف	هدف	هدف	 
صبو	صبو	صب+و	 
الشرطي	ال+شرطي	ال+شرطي	 
يحرمنا	يحرم+نا	يحرم+نا	 
http://t.co/Hm5J1cAmvG	http : / / t . co / Hm5J1cAmvG	http://t.co/Hm5J1cAmvG	 
بزود	ب+زود	ب+زود	 
ويقول	و+يقول	و+يقول	 
وأوقاتك	و+أوقات+ك	و+أوقات+ك	 
الولايف	ال+ولايف	ال+ولايف	 
تمنيت	تمني+ت	تمني+ت	 
قوية	قوي+ة	قوي+ة	 
وكلت	و+كل+ت	و+كل+ت	 
السعادة??	ال+سعاد+ة ? ?	ال+سعادة??	 
اليوم..؟؟	ال+يوم . . ؟ ؟	ال+يوم..؟؟	 
نفسيّتك	نفسي+ت+ك	نفسي+ت+ك	 
يدينك	يدينك	يدين+ك	 
الإلكتروني(مع	ال+إلكتروني ( مع	ال+إلكتروني(مع	 
مكتوم	مكتوم	مكتوم	 
سنع	س+نع	سنع	 
عيييييب	عيييييب	عيييييب	 
يجنن	يجنن	يجنن	 
:(?	: ( ?	:(?	 
الهران????	ال+هر+ان ? ? ? ?	ال+هران????	 
سواليفك	سواليفك	سواليف+ك	 
الجمعه	ال+جمعه	ال+جمع+ه	 
سنة	سن+ة	سن+ة	 
سوو	سوو	سو+و	 
سوى	سوى	سوى	 
يقتل	يقتل	يقتل	 
هاتها	هات+ها	هات+ها	 
وراج	و+راج	و+راج	 
اعيش	اعيش	اعيش	 
يريد	يريد	يريد	 
المرجلانيه	ال+مرجلانيه	ال+مرجلاني+ه	 
اكشن	اكشن	اكشن	 
ضيقة	ضيق+ة	ضيق+ة	 
تريّح	تريح	تريح	 
نضوج	نضوج	نضوج	 
سهّل	سهل	سهل	 
الرنج	ال+رنج	ال+رنج	 
جسمت	جسم+ت	جسم+ت	 
إلاا	إلا+ا	إلا+ا	 
بلده	بلد+ه	بلد+ه	 
دربك	درب+ك	درب+ك	 
سني	سني	سن+ي	 
يقهروني	يقهروني	يقهرون+ي	 
حلفي	حلف+ي	حلف+ي	 
سوا	سوا	سو+ا	 
واجد	واجد	واجد	 
وعلـتـك	و+عل+ت+ك	وعل+ت+ك	 
سود	سود	سود	 
مايجي	مايجي	ما+يجي	 
مجرد	مجرد	مجرد	 
تبغي	تبغي	تبغ+ي	 
المشاكل	ال+مشاكل	ال+مشاكل	 
خخخخههههه	خخخخههههه	خخخخهههه+ه	 
كفوو	كفوو	كفو+و	 
سحر	سحر	سحر	 
علاقاتهم	علاق+ات+هم	علاقا+ت+هم	 
وحشتيني!	وحشتيني !	و+حشتيني!	 
المحبّه	ال+محبه	ال+محب+ه	 
السيـف	ال+سيف	ال+سيف	 
???.	? ? ? .	???.	 
عرفت	عرف+ت	عرف+ت	 
يناظرونك	يناظرونك	يناظرون+ك	 
بيعوه	ب+يعوه	بيع+و+ه	 
قل	قل	قل	 
وميستاهل	وميستاهل	وميستاهل	 
دايم	دايم	دايم	 
ممات	مما+ت	مما+ت	 
للراحلين	ل+ال+راحل+ين	للراحل+ين	 
مكان،	مكان ،	مكان،	 
شد	شد	شد	 
قيامهم	قيام+هم	قيام+هم	 
لكم	ل+كم	ل+كم	 
نايمين	نايمين	نايم+ين	 
بيرثداي	بيرثداي	بيرثدا+ي	 
حبايب	حبايب	حبايب	 
انسى	انسى	انسى	 
جبر	جبر	جبر	 
تجيبهم،	تجيب+هم ،	تجيبهم،	 
#العذراء	# ال+عذراء	#العذراء	 
ربع	ربع	ربع	 
بينسى	ب+ينسى	ب+ينسى	 
آكلك	آكل+ك	آكل+ك	 
درس:)	درس : )	درس:)	 
زيّك	زيك	زي+ك	 
??.@contessa_7	? ? . @ contessaUNDERSCORE7	??.@cنتeسس_7	 
ماشاءالله	ماشاءالله	ماشاءالله	 
مرحلتها	مرحل+ت+ها	مرحل+ت+ها	 
احبها	احب+ها	احب+ها	 
@lave25	@ lave25	@lave25	 
توديني	توديني	تود+ي+ني	 
حرجها	حرج+ها	حرج+ها	 
@Ghazi_alsmiri	@ GhaziUNDERSCOREalsmiri	@Ghazi_alsmiri	 
ليته	ليت+ه	لي+ت+ه	 
يسوي	يسوي	يسوي	 
واذنك	و+اذن+ك	و+اذن+ك	 
قبايل	قبايل	قبايل	 
شوري	شوري	شور+ي	 
????????????	? ? ? ? ? ? ? ? ? ? ? ?	????????????	 
سالم	سالم	سالم	 
مشعلل	مشعلل	مشعلل	 
يحكي	يحكي	يحكي	 
موجود	موجود	موجود	 
ينرفزنا	ينرفز+نا	ينرفز+نا	 
وتغيب	و+تغيب	و+تغيب	 
ودج	ودج	ودج	 
ويهي??::	و+يهي ? ? : :	و+يهي??::	 
بالحلال	ب+ال+حلال	ب+ال+حلال	 
مافيها	مافي+ها	ما+فيها	 
#ومضه	# ومض+ه	#ومض+ه	 
الفيله	ال+فيله	ال+فيل+ه	 
هالعمُر	هالعمر	ه+العمر	 
الفونات	ال+فون+ات	ال+فون+ات	 
مگآنہ	م گ آن ہ	مگآنہ	 
ون	ون	و+ن	 
باك	باك	باك	 
بيشوفك?	بيشوفك ?	بيشوفك?	 
يحتاجہ	يحتاج ہ	يحتاجہ	 
مت	مت	مت	 
ليلة	ليل+ة	ليل+ة	 
مش	مش	مش	 
واكيد	و+اكيد	و+اكيد	 
درى	درى	در+ى	 
ورع	ورع	ورع	 
مايدري	مايدري	ما+يدري	 
مَ	م	م	 
درس	درس	درس	 
ماكنت	ماكن+ت	ما+كنت	 
مـ	م	م	 
ورب	ورب	و+رب	 
ورد	ورد	و+رد	 
ونسايم	و+نسايم	و+نسايم	 
مشية	مشي+ة	مشي+ة	 
جالسه	جالس+ه	جالس+ه	 
وده	ود+ه	و+ده	 
عذره	عذر+ه	عذر+ه	 
ودك	ودك	ود+ك	 
المرحلة	ال+مرحل+ة	ال+مرحل+ة	 
بالجسم	ب+ال+جسم	ب+ال+جسم	 
الفكر	ال+فكر	ال+فكر	 
تبتسمون	تبتسم+ون	تبتسمون	 
الموت	ال+موت	ال+موت	 
النيه	ال+نيه	ال+نيه	 
ههههههههههههههههههههههههه	ههههههههههههههههههههههههه	ههههههههههههههههههههههههه	 
لحبيبها	ل+حبيب+ها	ل+حبيب+ها	 
هالمجتمع	هالمجتمع	ه+المجتمع	 
محمد	محمد	محمد	 
سمحت	سمح+ت	سمح+ت	 
بواقعنا	بواقع+نا	ب+واقع+نا	 
مفاجأه	مفاجأ+ه	مفاجأ+ه	 
@Reemaalsaleem1	@ Reemaalsaleem1	@Reemaalsaleem1	 
#جذبة_ابريل	# جذبةUNDERSCOREابريل	#جذبة_ابريل	 
بالخصم	ب+ال+خصم	ب+ال+خصم	 
ألسنتكم	ألسن+ت+كم	ألسن+ت+كم	 
اتهكر	اتهكر	اتهكر	 
الحركات	ال+حرك+ات	ال+حرك+ات	 
ولين	و+لين	و+لين	 
خصوصا	خصوص+ا	خصوص+ا	 
شـوي	شوي	شوي	 
ظروفك	ظروف+ك	ظروف+ك	 
الضحكة	ال+ضحك+ة	ال+ضحك+ة	 
ادوّد	ادود	ادود	 
عراضه	عراض+ه	عراض+ه	 
حاطة	حاط+ة	حاط+ة	 
]	]	]	 
ا?نفس	ا ? نفس	ا?نفس	 
خسرته	خسر+ت+ه	خسر+ت+ه	 
علاقتج	علاقتج	علاقتج	 
امنياتي	امني+ات+ي	امنيات+ي	 
لشهواتهم	ل+شهو+ات+هم	ل+شهوات+هم	 
شتهبب	شتهبب	شتهبب	 
#ksa	# ksa	#كس	 
البشر	ال+بشر	ال+بشر	 
مدريدي	مدريد+ي	مدريد+ي	 
تجدد	تجدد	تجدد	 
الاسك	ال+اسك	ال+اسك	 
ومعي	و+معي	و+مع+ي	 
يمشا	يمشا	يمش+ا	 
ومطر	و+مطر	و+مطر	 
كني	كني	كني	 
تنقص	تنقص	تنقص	 
قيل	قيل	قيل	 
تري	تري	تري	 
وعطره	و+عطر+ه	و+عطر+ه	 
وليش	و+ليش	ولي+ش	 
ترك	ترك	ترك	 
عودتك	عود+ت+ك	عود+ت+ك	 
يجيبون	يجيب+ون	يجيبون	 
وشفني	و+شفني	و+شفني	 
الشغله	ال+شغله	ال+شغل+ه	 
إنه	إن+ه	إن+ه	 
وفجأه	و+فجأ+ه	و+فجأ+ه	 
تعليم	تعليم	تعليم	 
تطلبني	تطلبني	تطلب+ني	 
ايش	ايش	اي+ش	 
ايز	ايز	ايز	 
والكيف	و+ال+كيف	و+ال+كيف	 
لاهل	ل+اهل	ل+اهل	 
'$	' $	ءش	 
كالثور	ك+ال+ثور	كالثور	 
واحب	و+احب	و+احب	 
جنان	جنان	جن+ان	 
ياهلا	ياهل+ا	ياهل+ا	 
[??????????	[ ? ? ? ? ? ? ? ? ? ?	[??????????	 
الراحت	ال+راحت	ال+راحت	 
قهر#البحرين	قهر # ال+بحرين	قهر#البحر+ين	 
@150M7mad	@ 150M7mad	@150M7mad	 
مصحيتهم	مصحيتهم	مصحي+ت+هم	 
لمبة	لمب+ة	لمب+ة	 
فقط	فقط	فقط	 
مشاريه	مشار+ي+ه	مشاري+ه	 
والشهره	و+ال+شهره	و+الشهره	 
مساك	مساك	مس+ا+ك	 
الوفاق	ال+وفاق	ال+وفاق	 
جوعانة	جوعان+ة	جوعان+ة	 
دولارات	دولار+ات	دولار+ات	 
جناح	جناح	جناح	 
ممشاك	ممشاك	ممشا+ك	 
انتظرته	انتظر+ت+ه	انتظر+ت+ه	 
قبلتهم	قبل+ت+هم	قبل+ت+هم	 
بالكلام	ب+ال+كلام	ب+ال+كلام	 
الان	الان	الان	 
اشتاقك..	اشتاق+ك . .	اشتاقك..	 
استغرب	استغرب	استغرب	 
هههههههههههههههه	هههههههههههههههه	هههههههههههههههه	 
عاش	عاش	عاش	 
@il_1i	@ ilUNDERSCORE1i	@il_1i	 
إفكر	إفكر	إفكر	 
احضنك	احضنك	احضن+ك	 
اتابعيني	اتابعيني	اتابع+ي+ني	 
يجيب	يجيب	يجيب	 
ذلاتي	ذل+ات+ي	ذلا+تي	 
اوبرا	اوبرا	اوبر+ا	 
مدريد	مدريد	مدريد	 
والأضوآء	و+ال+أضوآء	و+ال+أضوآء	 
يكثر	يكثر	يكثر	 
@reem_qarni1	@ reemUNDERSCOREqarni1	@reem_qarni1	 
وقف	وقف	وقف	 
نفسيتي	نفسي+ت+ي	نفسي+تي	 
اقسى	اقسى	اقسى	 
رأي	رأي	رأي	 
مآ	مآ	مآ	 
كسر	كسر	كسر	 
تشيلسي	تشيلسي	تشيلسي	 
سعادتي	سعاد+ت+ي	سعاد+تي	 
اتجبر	اتجبر	اتجبر	 
ورى	ورى	ورى	 
الله.	الله .	ال+له.	 
وعاشق	و+عاشق	و+عاشق	 
أغليك	أغلي+ك	أغلي+ك	 
خطاك	خطا+ك	خط+ا+ك	 
مرات	مر+ات	مر+ات	 
روج	روج	روج	 
روح	روح	روح	 
تهتم	تهتم	تهتم	 
راسي	راسي	راس+ي	 
تلاقي	تلاقي	تلاقي	 
تلاقى	تلاقى	تلاقى	 
كيذا	كيذ+ا	كيذ+ا	 
مشتهـي	مشتهي	مشتهي	 
والغشمره	و+ال+غشمره	و+ال+غشمره	 
واماني	و+اماني	و+اماني	 
صعبه	صعب+ه	صعب+ه	 
أشوفها	أشوف+ها	أشوف+ها	 
حبيبت	حبيب+ت	حبيب+ت	 
امزح	امزح	امزح	 
:p	: p	:ة	 
أناا	أنا+ا	أنا+ا	 
نمر	نمر	نمر	 
بهـالـكــون	ب+هالكون	بهالكون	 
تحطون	تحط+ون	تحطون	 
ملامح	ملامح	ملامح	 
تصبر	تصبر	تصبر	 
دارج..	دارج . .	دارج..	 
بيهن	بي+هن	ب+يهن	 
اللـھ	الل ھ	اللھ	 
ثمر	ثمر	ثمر	 
لاتقص	ل+اتقص	ل+اتقص	 
تجمّل	تجمل	تجمل	 
وره	ور+ه	ور+ه	 
اللـي	اللي	اللي	 
واسوء	و+اسوء	و+اسوء	 
إسبانيا	إسبانيا	إسباني+ا	 
ليله	ليل+ه	ليل+ه	 
العنابي	ال+عنابي	ال+عنابي	 
يگول	ي گ و+ل	يگول	 
"""لازم"	""" لازم"	"""لازم"	 
مانت	مان+ت	ما+نت	 
بترول	بترول	بترول	 
حديدة.	حديدة .	حديدة.	 
اثنين	اثنين	اثن+ين	 
دعم	دعم	دعم	 
حساااافـه	حساااافه	حسااااف+ه	 
المطاليق	ال+مطاليق	ال+مطاليق	 
الصراحة	ال+صراح+ة	ال+صراح+ة	 
اللبس	ال+لبس	ال+لبس	 
الشوكَـ	ال+شوك	ال+شوك	 
ونفسي	و+نفسي	و+نفسي	 
زياد	زياد	زياد	 
الطناخه	ال+طناخه	ال+طناخ+ه	 
ومره	و+مر+ه	و+مره	 
ومسوين	و+مسوين	و+مسوين	 
ماتمون	ماتم+ون	ما+تمون	 
المر	ال+مر	ال+مر	 
عيوني،،	عيون+ي ، ،	عيوني،،	 
مرتاحه	مرتاح+ه	مرتاح+ه	 
@AliValco	@ AliValco	@AliValco	 
الأسود	ال+أسود	ال+أسود	 
بتوفيق	ب+توفيق	ب+توفيق	 
):	) :	):	 
تكثر	تكثر	تكثر	 
وطن	وطن	وطن	 
قارنوه	قارنوه	قارن+و+ه	 
http://t.co/W21kc91vjX	http : / / t . co / W21kc91vjX	http://t.co/W21kc91vjX	 
وتحتفظ	و+تحتفظ	و+تحتفظ	 
بوجهكم	ب+وجه+كم	بوجه+كم	 
ياريت	ياريت	ياريت	 
والناس	و+ال+ناس	و+ال+ناس	 
تفعّل	تفعل	تفعل	 
السورية؟	ال+سوري+ة ؟	ال+سورية؟	 
يرفعون	يرفع+ون	يرفعون	 
صوتهم	صوت+هم	صوت+هم	 
آمالي	آمال+ي	آمال+ي	 
كثّر	كثر	كثر	 
تقدير	تقدير	تقدير	 
ناقص	ناقص	ناقص	 
للي	ل+لي	ل+لي	 
واسوي	و+اسوي	و+اسو+ي	 
جرائم	جرائم	جرائم	 
ترجع	ترجع	ترجع	 
الكعبة	ال+كعب+ة	ال+كعب+ة	 
الاعتذار	ال+اعتذار	ال+اعتذار	 
الامامية	ال+امامي+ة	ال+امامي+ة	 
متواضع	متواضع	متواضع	 
استهتار	استهتار	استهتار	 
عيني.	عين+ي .	عيني.	 
متنراد	متنراد	متنراد	 
بتجيك	ب+تجيك	ب+تجي+ك	 
عيني!	عين+ي !	عيني!	 
صدري	صدري	صدر+ي	 
@nourhraibi91	@ nourhraibi91	@nourhraibi91	 
اداري	اداري	اداري	 
وادعي	و+ادعي	و+ادعي	 
عيالي	عيال+ي	عيال+ي	 
صفااااتك	صفااااتك	صفااا+ات+ك	 
بيرد	بيرد	ب+يرد	 
شقتنا	شق+ت+نا	شق+ت+نا	 
برع	برع	ب+رع	 
جلاهـا	جلا+ها	جلا+ها	 
الأهداب	ال+أهداب	ال+أهداب	 
متحمل	متحمل	متحمل	 
كالبقرة	ك+ال+بقر+ة	كالبقر+ة	 
بعدها	بعد+ها	بعد+ها	 
ابيهم	ابي+هم	اب+ي+هم	 
التويتير	ال+تويتير	ال+تويتير	 
برت	بر+ت	بر+ت	 
يتغدا	يتغدا	يتغد+ا	 
برد	برد	ب+رد	 
يامامي	يامامي	يامام+ي	 
وتكلي	و+تكلي	و+تك+ل+ي	 
شسويت	شسويت	شسوي+ت	 
هؤلاء	هؤلاء	هؤلاء	 
????...	? ? ? ? . . .	????...	 
طيوفك	طيوف+ك	طيوف+ك	 
عيبة	عيب+ة	عيب+ة	 
كنتي	كنت+ي	كن+تي	 
ودم	و+دم	و+دم	 
قدام	قدام	قدام	 
إبّسطة	إبسط+ة	إبسط+ة	 
صلاتك	صلا+ت+ك	صل+ات+ك	 
سكـوتـي	سكوتي	سكوت+ي	 
عذرك	عذر+ك	عذر+ك	 
عيالج	عيالج	ع+يالج	 
ادارة	ادار+ة	ادار+ة	 
@Estabraq02	@ Estabraq02	@Estabraq02	 
^ما	^ ما	^م+ا	 
أنادي	أنادي	أناد+ي	 
#uae	# uae	#e	 
مالتي	مال+ت+ي	مال+تي	 
نمله	نمل+ه	نمل+ه	 
“@bwiwe:	“ @ bwiwe :	“@بووe:	 
واليكتلك	و+ال+يكتلك	و+ال+يكتلك	 
صورني	صورني	صور+ني	 
ا?سد	ا ? سد	ا?سد	 
ويلف	و+يلف	و+يلف	 
ناجى	ناجى	ناجى	 
حسسني	حسسني	حسس+ني	 
يحقق	يحقق	يحقق	 
ويلي	ويلي	ويل+ي	 
تبغآني	تبغآني	تبغآ+ني	 
ربعهم	ربع+هم	ربع+هم	 
أكون	أكون	أكون	 
تـقول	تقول	تقول	 
يحبني	يحبني	يحب+ني	 
لابسه	لابس+ه	لابس+ه	 
يّخيّب	يخيب	يخيب	 
جد	جد	جد	 
جب	جب	جب	 
زآد	زآد	زآد	 
جمر	جمر	جمر	 
غيره..	غير+ه . .	غيره..	 
#ضاحي_خلفان_يتهم_السعوديات_بالدعارة	# ضاحيUNDERSCOREخلفانUNDERSCOREيتهمUNDERSCOREالسعودياتUNDERSCOREبالدعارة	#ضاحي_خلفان_يتهم_السعوديات_بالدعارة	 
تسافر	تسافر	تسافر	 
أكحل	أكحل	أكحل	 
أدورك	أدور+ك	أدور+ك	 
عنهم	عن+هم	عن+هم	 
جم	جم	جم	 
الواشي	ال+واشي	ال+واشي	 
التكيف	ال+تكيف	ال+تكيف	 
بترك	ب+ترك	ب+تر+ك	 
عشقتك	عشق+ت+ك	عشق+ت+ك	 
جرح	جرح	جرح	 
?'	? '	?ء	 
ضحكت	ضحك+ت	ضحك+ت	 
Keep	Keep	ee+ة	 
?!	? !	?!	 
ينفعك	ينفعك	ينفع+ك	 
وبعدها	و+بعد+ها	و+بعد+ها	 
?”	? ”	?”	 
تاهل	تاهل	تاهل	 
الذهب	ال+ذهب	ال+ذهب	 
مآصآر	مآصآر	مآصآر	 
لنهائي	ل+نهائي	ل+نهائي	 
وأصد	و+أصد	و+أصد	 
تجوفين	تجوف+ين	تجوف+ين	 
الاجابه	ال+اجابه	ال+اجاب+ه	 
يشتري	يشتري	يشتري	 
ماتنتظر	ماتنتظر	ما+تنتظر	 
سهام	سهام	سهام	 
يحقد	يحقد	يحقد	 
سهـر	سهر	سهر	 
نفسيه	نفسي+ه	نفسي+ه	 
كآن	ك+آن	كآن	 
قالتلي	قالتلي	قالتلي	 
بالملايين	ب+ال+ملايين	ب+ال+ملايين	 
تاريخي	تاريخي	تاريخ+ي	 
باسم	باسم	باسم	 
ولقياك?	و+لقيا+ك ?	و+لقياك?	 
سرح	سرح	سرح	 
شوية	شوي+ة	شوي+ة	 
النت	ال+نت	ال+نت	 
غادي	غادي	غاد+ي	 
تداعبني	تداعبني	تداعب+ني	 
والنصايح	و+ال+نصايح	و+ال+نصايح	 
تجيب	تجيب	تجيب	 
تـجعـلـك	تجعلك	تجعل+ك	 
تبون	تب+ون	تبون	 
ذبانہ	ذبان ہ	ذبانہ	 
ثقافه	ثقاف+ه	ثقاف+ه	 
تعرف	تعرف	تعرف	 
الجاكيت	ال+جاكيت	ال+جاكيت	 
انجان	انج+ان	انج+ان	 
عانقني	عانقني	عانق+ني	 
لدرجه	ل+درج+ه	ل+درج+ه	 
لک	ل ک	لک	 
جابر_الاحمد	جابرUNDERSCOREالاحمد	جابر_الاحمد	 
تصير	تصير	تصير	 
ويقرآني	ويقرآني	و+يقرآن+ي	 
الغاز،	ال+غاز ،	ال+غاز،	 
سعادةة	سعادة+ة	سعادة+ة	 
عيونج	عيونج	ع+يونج	 
خذوها	خذو+ها	خذ+و+ها	 
تشرحين	تشرح+ين	تشرح+ين	 
تطفي	تطفي	تطفي	 
الحممد	ال+حممد	ال+حممد	 
تطفى	تطفى	تطفى	 
استري	استري	استر+ي	 
@Mb06_111	@ Mb06UNDERSCORE111	@Mb06_111	 
القريب	ال+قريب	ال+قريب	 
بنشوف	ب+نشوف	ب+نشوف	 
تمثل	تمثل	تمثل	 
لاعبي	لاعب+ي	لاعب+ي	 
فيفرت	فيفر+ت	ف+يفر+ت	 
كاريكاتير	كاريكاتير	كاريكاتير	 
بصدق	ب+صدق	ب+صدق	 
غايب	غايب	غايب	 
مقاديري	مقادير+ي	مقادير+ي	 
خالد	خالد	خالد	 
أصافحك	أصافحك	أصافح+ك	 
رسل	رسل	رسل	 
جريمه	جريم+ه	جريم+ه	 
وضع	وضع	وضع	 
محرظك	محرظك	محرظ+ك	 
يختفي	يختفي	يختفي	 
الريان	ال+ريان	ال+ريان	 
وتصدق	و+تصدق	و+تصدق	 
لحظة	لحظ+ة	لحظ+ة	 
أصغر	أصغر	أصغر	 
أعرف	أعرف	أعرف	 
كلماتك	كلما+ت+ك	كلم+ات+ك	 
ابوها	ابو+ها	اب+و+ها	 
اخااف	اخااف	اخااف	 
وأيامك	و+أيام+ك	و+أيام+ك	 
بلياي	ب+ليا+ي	ب+ليا+ي	 
فمك	فم+ك	ف+مك	 
لحظہ	لحظ ہ	لحظہ	 
نواياك	نوايا+ك	نوايا+ك	 
وعيونك	و+عيون+ك	و+عيون+ك	 
”لنفسك“	” ل+نفس+ك “	”لنفسك“	 
أفا	أف+ا	أف+ا	 
الغرام	ال+غرام	ال+غرام	 
يرزق	يرزق	يرزق	 
تنسد	تنسد	تنسد	 
اقصاه	اقصا+ه	اقص+ا+ه	 
ضحك	ضحك	ضحك	 
سهل	سهل	سهل	 
أشكي	أشك+ي	أشك+ي	 
صحتك	صح+ت+ك	صح+ت+ك	 
يعيشها	يعيش+ها	يعيش+ها	 
المُستثنى	ال+مستثنى	ال+مستثنى	 
ولفك	ولف+ك	و+لف+ك	 
والتحقيق	و+ال+تحقيق	و+ال+تحقيق	 
سجدت	سجد+ت	سجد+ت	 
عدوى	عدوى	عدو+ى	 
الحرامي	ال+حرامي	ال+حرامي	 
بتجريح	ب+تجريح	ب+تجريح	 
كبير	كبير	كبير	 
بيـروح	ب+يروح	ب+يروح	 
رضينا	رضي+نا	رضي+نا	 
صنف	صنف	صنف	 
للشتاء	ل+ال+شتاء	ل+ل+شتاء	 
بمكانج	بمكانج	بمكانج	 
مويس	مويس	مويس	 
لقوقل	ل+قوقل	ل+قوقل	 
اخلي	اخلي	اخلي	 
أستاذه	أستاذ+ه	أستاذ+ه	 
معناها	معنا+ها	معنا+ها	 
ماقدر	ماقدر	ما+قدر	 
ويصعب	و+يصعب	و+يصعب	 
احتارت	احتار+ت	احتار+ت	 
مـو	مو	مو	 
تاج	تاج	تاج	 
غرامة	غرام+ة	غرام+ة	 
وتكفين	و+تكفين	و+تكفين	 
ساعات	ساع+ات	ساع+ات	 
بنيه	بني+ه	بني+ه	 
#آمنتي??????.	# آمن+ت+ي ? ? ? ? ? ? .	#آمنتي??????.	 
ويربت	و+يربت	و+يرب+ت	 
تكله	تكل+ه	تكل+ه	 
تستغرب	تستغرب	تستغرب	 
يساعدنا	يساعد+نا	يساعد+نا	 
الفقد	ال+فقد	ال+فقد	 
انصدمت	انصدمت	انصدم+ت	 
حين	حين	حين	 
تياسـيره	تياسير+ه	تياسير+ه	 
بسالفة	ب+سالف+ة	ب+سالف+ة	 
يفرض	يفرض	يفرض	 
الظاهر	ال+ظاهر	ال+ظاهر	 
كويس	كويس	كويس	 
الصج.	ال+صج .	ال+صج.	 
أمنياتي??	أمني+ات+ي ? ?	أمنياتي??	 
ولقيت	و+لقي+ت	و+لقي+ت	 
انكر	انكر	انكر	 
بأشياء	ب+أشياء	ب+أشياء	 
كلامي	ك+لامي	كلام+ي	 
مزرعه	مزرع+ه	مزرع+ه	 
اهتمامي	اهتمام+ي	اهتمام+ي	 
جميل؟	جميل ؟	جميل؟	 
@nfouth	@ nfouth	@nfouth	 
قليلة	قليل+ة	قليل+ة	 
وقولي	و+قول+ي	و+قو+ل+ي	 
الطيبين	ال+طيب+ين	ال+طيب+ين	 
الملابس	ال+ملابس	ال+ملابس	 
الصديق	ال+صديق	ال+صديق	 
جميل،	جميل ،	جميل،	 
اكتئب	اكتئب	اكتئب	 
لصاحبه	ل+صاحب+ه	ل+صاحب+ه	 
أرد	أرد	أرد	 
الزلات	ال+زل+ات	ال+زل+ات	 
مايعه	مايع+ه	مايع+ه	 
قوانينهم	قوانين+هم	قوانين+هم	 
خلقها	خلق+ها	خلق+ها	 
11	11	11	 
يوقفون	يوقف+ون	يوقفون	 
،لهفته	، ل+هفت+ه	،لهف+ت+ه	 
رقمك	رقم+ك	رقم+ك	 
17	17	17	 
والفرقآ	و+ال+فرقآ	و+ال+فرقآ	 
18	18	18	 
@iSHATHA_OM	@ iSHATHAUNDERSCOREOM	@iSHATHA_OM	 
واختلاف	و+اختلاف	و+اختلاف	 
تحاول	تحاول	تحاول	 
انشالله	انشالله	انشالله	 
هات	هات	هات	 
السري	ال+سري	ال+سري	 
تلحس	تلحس	تلحس	 
السعودي	ال+سعودي	ال+سعودي	 
فاهم	فاهم	فاهم	 
معاي	معا+ي	معا+ي	 
يداري	يداري	يداري	 
حرتي	حرتي	حر+تي	 
واسامح	و+اسامح	و+اسامح	 
معاه	معا+ه	معا+ه	 
مزعج	مزعج	مزعج	 
#كله_من_المدرسة_الله_يلعنها:)	# كلهUNDERSCOREمنUNDERSCOREالمدرسةUNDERSCOREاللهUNDERSCOREيلعنها : )	#كله_من_المدرسة_الله_يلعنها:)	 
نفسي	نفس+ي	نفس+ي	 
نصحني	نصحني	نصح+ني	 
اكتبه	اكتب+ه	اكتب+ه	 
شصاير	شصاير	شصاير	 
عشق	عشق	عشق	 
يرجع	يرجع	يرجع	 
يبات	يبات	يب+ات	 
ذاك	ذاك	ذا+ك	 
اتمنى	اتمنى	اتم+نى	 
تعرفين	تعرف+ين	تعرف+ين	 
بقول	ب+قول	ب+قول	 
@444Tf	@ 444Tf	@444Tf	 
تكره	تكره	تكره	 
بسوي	ب+سوي	ب+سوي	 
المرعبة	ال+مرعب+ة	ال+مرعب+ة	 
بيه..	بيه . .	بيه..	 
رحل	رحل	رحل	 
وتخلف	و+تخلف	و+تخلف	 
200	200	200	 
sure	sure	سرe	 
قلبه	قلب+ه	قلب+ه	 
أتأثر	أتأثر	أتأثر	 
يالم	يالم	يالم	 
ماش	ماش	ماش	 
مات	مات	مات	 
تشيلين	تشيل+ين	تشيل+ين	 
بيتهم	بيت+هم	بي+ت+هم	 
تمديد	تمديد	تمديد	 
مواطن	مواطن	مواطن	 
النظر	ال+نظر	ال+نظر	 
توني	توني	تو+ني	 
تركت	ترك+ت	ترك+ت	 
معه	مع+ه	مع+ه	 
ضاحي	ضاحي	ضاحي	 
البيكاب	ال+بيكاب	ال+بيكاب	 
تخون	تخون	تخون	 
ام	ام	ام	 
ال	ال	ال	 
تلعب	تلعب	تلعب	 
محصل	محصل	محصل	 
ضيقتي	ضيق+ت+ي	ضيق+تي	 
":""(((((("	": "" ( ( ( ( ( ("	":""(((((("	 
قلّل	قلل	قلل	 
يتعوض	يتعوض	يتعوض	 
ينتقدك	ينتقدك	ينتقد+ك	 
حلاك	حلا+ك	حل+ا+ك	 
وتشوف	و+تشوف	و+تشوف	 
عزازي	عزازي	عزازي	 
تحب	تحب	تحب	 
بالصج	ب+ال+صج	ب+ال+صج	 
فالويكند	ف+ال+ويكند	فالويكند	 
مالا	مال+ا	ما+لا	 
الاشخاص	ال+اشخاص	ال+اشخاص	 
Smile	Smile	صملe	 
أرجال	أرجال	أرجال	 
وصناديد	و+صناديد	و+صناديد	 
ماتدري	ماتدري	ما+تدري	 
الإختناق	ال+إختناق	ال+إختناق	 
زيس	زيس	زيس	 
خاصة?	خاص+ة ?	خاصة?	 
صوب	صوب	صوب	 
اجيب	اجيب	اجيب	 
تحبه	تحب+ه	تحب+ه	 
وخابت::	و+خاب+ت : :	و+خابت::	 
فقط.	فقط .	ف+قط.	 
...”	. . . ”	...”	 
الشمس..	ال+شمس . .	ال+شمس..	 
وصل	وصل	وصل	 
الموسم	ال+موسم	ال+موسم	 
تشتري	تشتري	تشتري	 
2700	2700	2700	 
"جداً""???"	"جد+ا "" ? ? ?"	"جدا""???"	 
جربيه	جرب+ي+ه	جربي+ه	 
@amnoh95	@ amnoh95	@amnoh95	 
والوطن	و+ال+وطن	و+ال+وطن	 
واسامحك	واسامحك	و+اسامحك	 
انتوا	انت+وا	انتوا	 
أحاتيك	أحاتيك	أحات+ي+ك	 
الشرده	ال+شرده	ال+شرد+ه	 
شايله	شايل+ه	شايل+ه	 
يشهق	يشهق	يشهق	 
وحدة	وحد+ة	و+حد+ة	 
مالي	مالي	ما+لي	 
باللـھ	ب+الل ھ	ب+اللھ	 
بيزعل	ب+يزعل	ب+يزعل	 
شسوي	شسوي	شسو+ي	 
سياره	سيار+ه	سيار+ه	 
وعصاكم	و+عصا+كم	و+عصاكم	 
تلتفت	تلتفت	تلتفت	 
حسنك	حسن+ك	حسن+ك	 
تتصور	تتصور	تتصور	 
الغلط	ال+غلط	ال+غلط	 
رزقي	رزق+ي	رزق+ي	 
المطرب	ال+مطرب	ال+مطرب	 
الكبير	ال+كبير	ال+كبير	 
"ومحتــــال"""	"و+محتال """	"و+محتال"""	 
قلب	قلب	قلب	 
العمل	ال+عمل	ال+عمل	 
3	3	3	 
قطعتي	قطع+ت+ي	قطع+تي	 
والمنجا	و+ال+منجا	و+ال+منجا	 
ويوم	و+يوم	و+يوم	 
ساكته	ساكت+ه	ساكت+ه	 
قله	قل+ه	قل+ه	 
60:التويتس	60 : ال+تويتس	60:التويتس	 
بيقراك	بيقراك	ب+يقرا+ك	 
قاصدته	قاصد+ت+ه	قاصد+ت+ه	 
واظلم	و+اظلم	و+اظلم	 
،نطلب	، نطلب	،نطلب	 
كتلي	ك+تلي	كتل+ي	 
كيماوي	كيماوي	كيماوي	 
فكرك	فكر+ك	فكر+ك	 
والوآقع	و+ال+وآقع	و+ال+وآقع	 
بالخير	ب+ال+خير	ب+ال+خير	 
عشاني	عشاني	عش+ان+ي	 
مرتاح	مرتاح	مرتاح	 
قلي	قلي	قل+ي	 
وتروحين	و+تروح+ين	وتروح+ين	 
تسولف	تسولف	تسولف	 
ياقلب	ياقلب	ياقلب	 
وعينك	و+عين+ك	و+عين+ك	 
الرديه	ال+رديه	ال+ردي+ه	 
حياتكم	حيا+ت+كم	حيا+ت+كم	 
حقايقـها	حقايق+ها	حقايق+ها	 
لسانك.	لسان+ك .	لسانك.	 
لاتوصف	لاتوصف	لاتوصف	 
الصج؟	ال+صج ؟	ال+صج؟	 
اااقللهن	اااقللهن	اااقللهن	 
ويبغونك	ويبغونك	ويبغون+ك	 
#برت	# بر+ت	#بر+ت	 
ويجيـك	و+يجيك	و+يج+ي+ك	 
آلمدرسه	آلمدرسه	آلمدرس+ه	 
الخاتمة	ال+خاتم+ة	ال+خاتم+ة	 
زائفه	زائف+ه	زائف+ه	 
مصطفى	مصطفى	مصطفى	 
نك	نك	نك	 
وجوهكم	وجوه+كم	وجوه+كم	 
وينك	وين+ك	وين+ك	 
عله??	عل+ه ? ?	عله??	 
يقلب	يقلب	يقلب	 
غفت	غف+ت	غف+ت	 
اتغشمر	اتغشمر	اتغشمر	 
الغير	ال+غير	ال+غير	 
يرحلون	يرحل+ون	يرحلون	 
جريح	جريح	جريح	 
وأحسن	و+أحسن	و+أحسن	 
عقبي	عقبي	عقب+ي	 
فضيحه	فضيح+ه	فضيح+ه	 
التنك	ال+تنك	ال+تنك	 
أخلي	أخلي	أخلي	 
الزعاق	ال+زعاق	ال+زعاق	 
جحّادة	جحاد+ة	جحاد+ة	 
صغيره	صغير+ه	صغير+ه	 
بالعين	ب+ال+عين	ب+ال+عين	 
ساعدوهم	ساعدوهم	ساعد+و+هم	 
الويكند.	ال+ويكند .	ال+ويكند.	 
-ابشع-	- ابشع -	-ابشع-	 
تافه	تافه	تافه	 
يانفس	يانفس	يانفس	 
الخطأ	ال+خطأ	ال+خطأ	 
الصديقات	ال+صديق+ات	ال+صديق+ات	 
الرحمن	ال+رحمن	ال+رحمن	 
ويطلق	و+يطلق	و+يطلق	 
ماتقدر	ماتقدر	ما+تقدر	 
@hadeir_l	@ hadeirUNDERSCOREl	@hadeir_l	 
والضيق	و+ال+ضيق	و+ال+ضيق	 
قدمي	قدم+ي	قدم+ي	 
therealbinbaz@	therealbinbaz @	تهeرeلبنبز@	 
وجودهم	وجود+هم	وجود+هم	 
ومية	و+مي+ة	و+مي+ة	 
ماشفت	ماشفت	ما+شفت	 
جاب	جاب	جاب	 
الاجازه	ال+اجازه	ال+اجاز+ه	 
جاء	جاء	جاء	 
@Salam_Gnb	@ SalamUNDERSCOREGnb	@Salam_Gnb	 
لوني	لوني	لو+ني	 
يرفعك	يرفعك	يرفع+ك	 
لايضيع	لايضيع	ل+ايضيع	 
يسونه	يسون+ه	يسون+ه	 
تسألني	تسألني	تسأل+ني	 
#زين_تو_كذاك	# زينUNDERSCOREتوUNDERSCOREكذاك	#زين_تو_كذ+ا+ك	 
ومزحه	و+مزح+ه	و+مزح+ه	 
@azazzis	@ azazzis	@azazzis	 
يمشي	يمشي	يمشي	 
فاهمة	فاهم+ة	فاهم+ة	 
حبگ	حب گ	ح+بگ	 
ساعة	ساع+ة	ساع+ة	 
أنوح	أنوح	أنوح	 
خاص	خاص	خاص	 
آي	آي	آي	 
كثيره	كثير+ه	كثير+ه	 
للتعليم	ل+ال+تعليم	ل+ل+تعليم	 
بينك	بين+ك	بين+ك	 
چنه	چ ن+ه	چن+ه	 
اسود	اسود	اسود	 
أتخيل	أتخيل	أتخيل	 
تراا	ترا+ا	ترا+ا	 
كذب	كذب	كذب	 
لاعافوا	لاعافوا	لاعافو+ا	 
صواريخ	صواريخ	صواريخ	 
وناسك	و+ناسك	و+ناس+ك	 
يالعراقي	يالعراقي	يالعراق+ي	 
الوفاء	ال+وفاء	ال+وفاء	 
خذيته	خذي+ت+ه	خذي+ت+ه	 
@noormohammad110	@ noormohammad110	@noormohammad110	 
الربع	ال+ربع	ال+ربع	 
منهو	منهو	منه+و	 
فقعها	فقع+ها	فقع+ها	 
نفقد	نفقد	نفقد	 
السنة	ال+سن+ة	ال+سن+ة	 
يمگن.	يم گ ن .	يمگن.	 
هههههههه	هههههههه	هههههههه	 
ياخده	ياخد+ه	ياخد+ه	 
اليونايتد	ال+يونايتد	ال+يونايتد	 
الـزمـان	ال+زمان	ال+زمان	 
الصبر	ال+صبر	ال+صبر	 
انقتلنا	انقتل+نا	انقتل+نا	 
نيتي.	نيتي .	نيتي.	 
عندكم	عند+كم	عند+كم	 
تجــــــــي	تجي	تجي	 
آثار	آثار	آثار	 
الرجيم	ال+رجيم	ال+رجيم	 
"مخنوق"""	"مخنوق """	"مخنوق"""	 
حاجة	حاج+ة	حاج+ة	 
مغلق	مغلق	مغلق	 
الخجل	ال+خجل	ال+خجل	 
يترجاني	يترجاني	يترج+ان+ي	 
ابوي	ابوي	ابو+ي	 
تبينه	تبين+ه	تبين+ه	 
إش	إش	إش	 
أفتح	أفتح	أفتح	 
لاني	ل+اني	ل+اني	 
جوك	جو+ك	جو+ك	 
"رقاها"""	"رقا+ها """	"رقاها"""	 
بْ	ب	ب	 
ابو	ابو	ابو	 
بِ	ب	ب	 
بّ	ب	ب	 
جوي	جوي	جو+ي	 
دخل	دخل	دخل	 
واكمل	و+اكمل	و+اكمل	 
ومالي	و+مالي	و+مالي	 
4	4	4	 
تقويني	تقويني	تقوي+ني	 
الإفْك	ال+إفك	ال+إفك	 
مالها	مال+ها	ما+لها	 
بل	بل	بل	 
الاستهتار	ال+استهتار	ال+استهتار	 
مساي	مساي	مسا+ي	 
واخر	و+اخر	و+اخر	 
((	( (	((	 
أحزان	أحزان	أحزان	 
وتصوير،	و+تصوير ،	و+تصوير،	 
لغيره	ل+غير+ه	ل+غير+ه	 
الحضارات	ال+حضار+ات	ال+حضار+ات	 
الدولي	ال+دولي	ال+دولي	 
بؤ	بؤ	بؤ	 
تعبانه	تعبان+ه	تعب+ان+ه	 
طريق	طريق	طريق	 
وتحطينها	و+تحطين+ها	و+تحطين+ها	 
طول.”	طول . ”	طول.”	 
يقوووله	يقوووله	يقووول+ه	 
قهر	قهر	قهر	 
ويفز	و+يفز	و+يفز	 
الشهوة	ال+شهو+ة	ال+شهو+ة	 
جبته	جب+ت+ه	جب+ت+ه	 
سؤال.	سؤال .	سؤال.	 
?درون	? در+ون	?درون	 
نطلع	نطلع	نطلع	 
عيوبك	عيوب+ك	عيوب+ك	 
وقولوا	و+قول+وا	و+قول+وا	 
انواع	انواع	انواع	 
هالتليفون	هالتليفون	ه+التليفون	 
شكلنا	شكل+نا	شكل+نا	 
بخليك	ب+خليك	ب+خلي+ك	 
ثلاجة	ثلاج+ة	ثلاج+ة	 
شبحك	شبح+ك	شبح+ك	 
مااكرهك	مااكرهك	ما+اكرهك	 
واحطها	و+احط+ها	و+احط+ها	 
خنقتـه	خنق+ت+ه	خنق+ت+ه	 
الجديد	ال+جديد	ال+جديد	 
عنايا....	عناي+ا . . . .	عنايا....	 
غاب	غاب	غاب	 
وضيعه	و+ضيع+ه	و+ضيع+ه	 
خاطري	خاطر+ي	خاطر+ي	 
مقدر	مقدر	مقدر	 
الفلوس	ال+فلوس	ال+فلوس	 
اللاعبين	ال+لاعب+ين	ال+لاعب+ين	 
#نتائج_الدبلوم_العام	# نتائجUNDERSCOREالدبلومUNDERSCOREالعام	#نتائج_الدبلوم_العام	 
والجرح	و+ال+جرح	و+ال+جرح	 
وداعہ	وداع ہ	و+داعہ	 
مقتنع	مقتنع	مقتنع	 
خـلاق	خلاق	خلاق	 
مبتسم	مبتسم	مبتسم	 
فتعديت	ف+تعدي+ت	ف+تعدي+ت	 
سعادة	سعاد+ة	سعاد+ة	 
وأوريك	و+أوري+ك	و+أور+ي+ك	 
يتهاوشون	يتهاوشون	يتهاوشون	 
وتدريب	و+تدريب	و+تدريب	 
http://t.co/x3ADe2sBYn	http : / / t . co / x3ADe2sBYn	http://t.co/x3ADe2sBYn	 
يرقصونها	يرقصون+ها	يرقصون+ها	 
الجديده	ال+جديده	ال+جديد+ه	 
اللعبه	ال+لعبه	ال+لعب+ه	 
دمعةٍ	دمع+ة	دمع+ة	 
عشقك	عشق+ك	عشق+ك	 
أختك	أخت+ك	أخت+ك	 
_	UNDERSCORE	_	 
التمار:	ال+تمار :	ال+تمار:	 
هالكلام	هالكلام	ه+الكلام	 
حاجہ	حاج ہ	حاجہ	 
بكوننا	ب+كون+نا	ب+كون+نا	 
تنولد	تنولد	تنولد	 
وأسباب	و+أسباب	و+أسباب	 
تليق	تليق	تليق	 
الاسكاني؟	ال+اسكاني ؟	ال+اسكاني؟	 
العلم	ال+علم	ال+علم	 
جسمهم	جسم+هم	جسم+هم	 
سجلوا	سجل+وا	سجل+وا	 
كئيب	كئيب	كئيب	 
ياسر	ياسر	ياسر	 
الضيقه	ال+ضيقه	ال+ضيق+ه	 
:ساكـت	: ساكت	:ساك+ت	 
ذكر،يمكن	ذكر ، يمكن	ذكر،يمكن	 
حاطتها؟	حاط+ت+ها ؟	حاطتها؟	 
تفعل	تفعل	تفعل	 
بيب؟	بيب ؟	بيب؟	 
#سوسيداد_يامخربطهم	# سوسيدادUNDERSCOREيامخربطهم	#سوسيداد_يامخربط+هم	 
تميم??	تميم ? ?	تميم??	 
عاصفه	عاصف+ه	عاصف+ه	 
عبارات	عبار+ات	عبار+ات	 
ضروف	ضروف	ضروف	 
هالاوقات	هالاوقات	ه+الاوقات	 
طلع	طلع	طلع	 
يدلعوني	يدلعوني	يدلعون+ي	 
يقهرك	يقهرك	يقهر+ك	 
عتريس	عتريس	ع+تريس	 
نادر	نادر	نادر	 
@Rfe3t_ALshan_QR	@ Rfe3tUNDERSCOREALshanUNDERSCOREQR	@Rfe3t_ALshan_QR	 
بيرفكت	بيرفكت	بيرفك+ت	 
حضري	حضري	حضر+ي	 
@miso_mesi10	@ misoUNDERSCOREmesi10	@miso_mesi10	 
بأفراح	ب+أفراح	ب+أفراح	 
قضايا	قضايا	قضايا	 
رده	رد+ه	رد+ه	 
حيوان	حيوان	حيوان	 
إسمحلنا	إسمحلنا	إسمح+ل+نا	 
يما	يما	يم+ا	 
يافيصل	يافيصل	يافيصل	 
#أحمد_القصير	# أحمدUNDERSCOREالقصير	#أحمد_القصير	 
اسير	اسير	اسير	 
جروحـي..	جروح+ي . .	جروحي..	 
كمان	كمان	كمان	 
مصبه	مصب+ه	مصب+ه	 
وياهم??.	و+يا+هم ? ? .	و+ياهم??.	 
دموعي	دموع+ي	دموع+ي	 
يمي	يمي	يم+ي	 
مستعار	مستعار	مستعار	 
شفتـه	شف+ت+ه	شفت+ه	 
“@nooon_47564:	“ @ nooonUNDERSCORE47564 :	“@نن_47564:	 
أبيات'ن'	أبيات ' ن '	أبياتءنء	 
تماشي	تماشي	تماش+ي	 
والسموحه	و+ال+سموحه	و+ال+سموحه	 
يضمّه	يضم+ه	يضم+ه	 
اهواك	اهواك	اهو+ا+ك	 
الشعور	ال+شعور	ال+شعور	 
تراها	ترا+ها	تراه+ا	 
مستخسرينه	مستخسرينه	مستخسرين+ه	 
ازعاج:'	ازعاج : '	ازعاج:ء	 
صوبك	صوب+ك	صوب+ك	 
شفناك	شفناك	شفن+ا+ك	 
اجي	اجي	اجي	 
تعيش	تعيش	تعيش	 
أشوفك	أشوفك	أشوف+ك	 
يتحمل	يتحمل	يتحمل	 
البرآءه	ال+برآءه	ال+برآء+ه	 
نفسي.	نفس+ي .	نفسي.	 
اجلس	اجلس	اجلس	 
يراعيه	يراع+ي+ه	يراعي+ه	 
المخالفه	ال+مخالفه	ال+مخالف+ه	 
حدتني	حدتني	حد+ت+ني	 
ريت	ري+ت	ري+ت	 
العلمك	ال+علمك	ال+علم+ك	 
فزيت	ف+زيت	ف+زي+ت	 
تعيب	تعيب	تعيب	 
عآلم	عآلم	ع+آلم	 
ملكك	ملك+ك	ملك+ك	 
=)	= )	=)	 
المدرسه	ال+مدرسه	ال+مدرس+ه	 
5	5	5	 
تدري!?	تدري ! ?	تدري!?	 
“@HayaALshammri9:	“ @ HayaALshammri9 :	“@حياLسهممر9:	 
تم	تم	تم	 
ا?يـام	ا ? يام	ا?يام	 
كأن	ك+أن	كأن	 
ريش	ريش	ريش	 
الفرح	ال+فرح	ال+فرح	 
قاسي	قاسي	قاسي	 
فـ	ف	ف	 
خواطرنا	خواطر+نا	خواطر+نا	 
فل	فل	فل	 
ومشيت	و+مشي+ت	و+مشي+ت	 
فن	فن	فن	 
<3<3	< 3 < 3	إ3إ3	 
كرهك	كره+ك	كره+ك	 
بالمجهول:)!	ب+ال+مجهول : ) !	ب+ال+مجهول:)!	 
مصيبه	مصيب+ه	مصيب+ه	 
فِ	ف	ف	 
تثاوبت	تثاوب+ت	تثاوب+ت	 
طعون	طعون	طعون	 
هدويش	هدويش	ه+دويش	 
كلهم?.	كل+هم ? .	كلهم?.	 
شايب	شايب	شايب	 
هبت	هب+ت	ه+بت	 
عبدالله	عبدالله	عبدالله	 
?؟	? ؟	?؟	 
فهد،	فهد ،	ف+هد،	 
قضية	قضي+ة	قضي+ة	 
وموتي	و+موتي	و+موت+ي	 
@b_damdoom	@ bUNDERSCOREdamdoom	@b_damdoom	 
المستخدم	ال+مستخدم	ال+مستخدم	 
محياك	محيا+ك	محي+ا+ك	 
اكيد	اكيد	اكيد	 
يتاخر	يتاخر	يتاخر	 
الغالي	ال+غالي	ال+غالي	 
واحساس	و+احساس	و+احساس	 
أتميلح	أتميلح	أتميلح	 
تلفزيون	تلفزيون	تلفزيون	 
الكلمه	ال+كلمه	ال+كلم+ه	 
يعرفون	يعرف+ون	يعرفون	 
@bn_whga	@ bnUNDERSCOREwhga	@bn_whga	 
تتحكم	تتحكم	تتحكم	 
.....	. . . . .	.....	 
حسن	حسن	حسن	 
حسك	حسك	حس+ك	 
مهم	مهم	مهم	 
اتخلى	اتخلى	اتخلى	 
يسامح	يسامح	يسامح	 
بالارقام	ب+ال+ارقام	ب+ال+ارقام	 
انتواجہ	انتواج ہ	انتواجہ	 
يواسيك	يواسيك	يواسي+ك	 
مامسكت	مامسكت	ما+مسكت	 
المواقع	ال+مواقع	ال+مواقع	 
تخبي	تخبي	تخبي	 
عالأبواب	عالأبواب	عالأبواب	 
حقد	حقد	ح+قد	 
هما”يارب	هما ” يارب	هما”يارب	 
داحل	داحل	داحل	 
وفيري	و+فيري	و+فير+ي	 
قاعدة	قاعد+ة	قاعد+ة	 
أجمل	أجمل	أجمل	 
وخدك	و+خد+ك	و+خد+ك	 
وعطني	و+عطني	و+عطني	 
كلهن	ك+لهن	كلهن	 
سموعه..	سموع+ه . .	سموعه..	 
نتغدا	نتغدا	نتغد+ا	 
#حمد_السعيد	# حمدUNDERSCOREالسعيد	#حمد_السعيد	 
مخنوق	مخنوق	مخنوق	 
حسايف	حسايف	حسايف	 
ضيق	ضيق	ضيق	 
حظ	حظ	حظ	 
همس	همس	ه+مس	 
تايم	تايم	تايم	 
الطفل	ال+طفل	ال+طفل	 
احلا	احلا	احل+ا	 
دعيت	دعي+ت	دعي+ت	 
))	) )	))	 
إلماما	إلمام+ا	إلمام+ا	 
بروح	ب+روح	ب+روح	 
المحبين	ال+محب+ين	ال+محب+ين	 
قصته	قص+ت+ه	قص+ت+ه	 
هين	هين	هين	 
الخليج	ال+خليج	ال+خليج	 
أصيل	أصيل	أصيل	 
ارتكي	ارتكي	ارت+كي	 
ينفوني??	ينفوني ? ?	ينفوني??	 
وكافلها	و+كافل+ها	و+كافل+ها	 
ورضاء	و+رضاء	و+رضاء	 
ويجعلك	و+يجعلك	و+يجعل+ك	 
بدوي	بدوي	بدوي	 
هلو	هلو	ه+لو	 
هوسن	هوسن	ه+وسن	 
للاسف	ل+ال+اسف	ل+ل+اسف	 
تذكرت	تذكر+ت	تذكر+ت	 
تفْرق	تفرق	تفرق	 
فشلونا	ف+شلو+نا	فشل+و+نا	 
الحلو	الحلو	ال+حلو	 
ارسل	ارسل	ارسل	 
كما	كما	ك+م+ا	 
تصلي	تصلي	تصلي	 
يوجع	يوجع	يوجع	 
@MadihaAlsuliman	@ MadihaAlsuliman	@MadihaAlsuliman	 
اقولك	اقولك	اقو+ل+ك	 
تقوله	تقول+ه	تقول+ه	 
عسب	عسب	ع+سب	 
وايضاً	و+ايض+ا	و+ايضا	 
بلوني	ب+لوني	ب+لو+ني	 
هداياا	هدايا+ا	هدايا+ا	 
ماشم	ماشم	ما+شم	 
احلف	احلف	احلف	 
ماتعصاكم	ماتعصاكم	ماتعصا+كم	 
بخير	ب+خير	ب+خير	 
اللاش	ال+لاش	ال+لاش	 
ردوده	ردود+ه	ردود+ه	 
تابعيني	تابعيني	تابع+ي+ني	 
أكبر	أكبر	أكبر	 
نظم	نظم	نظم	 
بشواطئ	ب+شواطئ	ب+شواطئ	 
تعيبين	تعيب+ين	تعيب+ين	 
الأرهابيه	ال+أرهابيه	ال+أرهابي+ه	 
اب	اب	اب	 
معصبه	معصب+ه	معصب+ه	 
تكلفه	تكلف+ه	تكلف+ه	 
@tagimlm77	@ tagimlm77	@tagimlm77	 
الدوار	ال+دوار	ال+دوار	 
ويقولك	و+يقولك	و+يقولك	 
مسوتلهم	مسوتلهم	مسوتل+هم	 
وقطعت	و+قطع+ت	و+قطع+ت	 
هلت	هل+ت	هل+ت	 
تحلونها!	تحل+ون+ها !	تحلونها!	 
يازمن	يازمن	يازمن	 
تمونون	تمون+ون	تمونون	 
دااخلة	دااخلة	دااخلة	 
إنو	إنو	إن+و	 
رقم	رقم	رقم	 
الحزين	ال+حزين	ال+حزين	 
إنك	إن+ك	إن+ك	 
فقيره	فقير+ه	فقير+ه	 
مابي	مابي	ما+بي	 
تلقائياً	تلقائي+ا	تلقائي+ا	 
انفولو	انفولو	انفولو	 
لها	ل+ها	ل+ها	 
يستثنوني	يستثنوني	يستثنو+ني	 
الرقده	ال+رقده	ال+رقد+ه	 
صآير	صآير	صآير	 
ودوني	و+دوني	و+دون+ي	 
اتذكر	اتذكر	اتذكر	 
إنت	إن+ت	إنت	 
وأينك	و+أين+ك	و+أين+ك	 
آدمي	آدمي	آدم+ي	 
السلاطين	ال+سلاطين	ال+سلاط+ين	 
مديح	مديح	مديح	 
محدن	محدن	محدن	 
جروحه	جروح+ه	جروح+ه	 
موضوعكم	موضوع+كم	موضوع+كم	 
????????	? ? ? ? ? ? ? ?	????????	 
لسعادة	ل+سعاد+ة	ل+سعاد+ة	 
بدال	بدال	ب+دال	 
وحنا	و+حنا	وح+نا	 
راس	راس	راس	 
سمايا...	سمايا . . .	سمايا...	 
بأداء	ب+أداء	ب+أداء	 
وتطور	و+تطور	و+تطور	 
الدوام	ال+دوام	ال+دوام	 
شيعي	شيعي	شيعي	 
الـمشـاعــر	ال+مشاعر	ال+مشاعر	 
ابيات	ابي+ات	ابي+ات	 
محتاجة	محتاج+ة	محتاج+ة	 
"""@NawafAl9an3:"	""" @ NawafAl9an3 :"	"""@وفال9ن3:"	 
يحرسج	يحرسج	يحرسج	 
نداري	نداري	نداري	 
الحمام	ال+حمام	ال+حمام	 
المرجله	ال+مرجله	ال+مرجل+ه	 
الحشيش	ال+حشيش	ال+حشيش	 
الملل	ال+ملل	ال+ملل	 
جرحه	جرح+ه	جرح+ه	 
بفضل	ب+فضل	ب+فضل	 
للعالم	ل+ال+عالم	ل+ل+عالم	 
شمسي	شمسي	شمس+ي	 
يملونه	يملون+ه	يملون+ه	 
بذكرى	ب+ذكرى	ب+ذكرى	 
يهمك	يهمك	يهمك	 
@sh3err_1	@ sh3errUNDERSCORE1	@sh3err_1	 
عطله	عطل+ه	عطل+ه	 
سعوديين	سعودي+ين	سعودي+ين	 
ونظرتك	و+نظر+ت+ك	و+نظرتك	 
تغيب	تغيب	تغيب	 
سيارتك	سيار+ت+ك	سيار+ت+ك	 
الحديد	ال+حديد	ال+حديد	 
ويلعن	و+يلعن	و+يلعن	 
@ibahrani	@ ibahrani	@ibahrani	 
ليالي	ليالي	ليالي	 
يسبب	يسبب	يسبب	 
هواية	هواي+ة	هواي+ة	 
فيه??	في+ه ? ?	ف+يه??	 
يخترقونه	يخترقونه	يخترقون+ه	 
ينولد	ينولد	ينولد	 
@Aljazita	@ Aljazita	@Aljazita	 
تفضحني	تفضحني	تفضح+ني	 
حطيتوه	حطيتوه	حطيت+و+ه	 
محتاجه	محتاج+ه	محتاج+ه	 
كهرب	كهرب	كهرب	 
الأطفال	ال+أطفال	ال+أطفال	 
تواضعك	تواضع+ك	تواضع+ك	 
#خلع_عباءة_عضوة_الشورى	# خلعUNDERSCOREعباءةUNDERSCOREعضوةUNDERSCOREالشورى	#خلع_عباءة_عضوة_الشورى	 
الوجيه	ال+وجيه	ال+وجيه	 
حنانك	حنان+ك	حنان+ك	 
جرحة	جرح+ة	جرح+ة	 
@qamshoie	@ qamshoie	@qamshoie	 
فخم	فخم	فخم	 
نزلت	نزل+ت	نزل+ت	 
تبوني	تبوني	تبون+ي	 
فجأه	فجأ+ه	فجأ+ه	 
ألمس	ألمس	ألمس	 
دقيقة.	دقيق+ة .	دقيقة.	 
تقطعين	تقطع+ين	تقطع+ين	 
بالنسبة	ب+ال+نسب+ة	ب+ال+نسب+ة	 
جرى	جرى	جرى	 
يخدم	يخدم	يخدم	 
موضة	موض+ة	موض+ة	 
مهوب	مهوب	مهوب	 
قتلني	قتلني	قتل+ني	 
24	24	24	 
27	27	27	 
20	20	20	 
ركص	ركص	ركص	 
افراق	افراق	افراق	 
ذنب	ذنب	ذنب	 
تسمين	تسم+ين	تسم+ين	 
يالبيه	يالبي+ه	يالبي+ه	 
فتاكد	ف+تاكد	ف+تاكد	 
وياه	و+يا+ه	وي+ا+ه	 
تصيغين	تصيغ+ين	تصيغ+ين	 
حشآ	حشآ	حشآ	 
الحقيقھه	ال+حقيق ھ ه	ال+حقيقھ+ه	 
بالدنيا	ب+ال+دنيا	ب+ال+دنيا	 
#HappyDay	# HappyDay	#حةةيض+ي	 
تذكرون	تذكر+ون	تذكرون	 
مجاني	مجاني	مجاني	 
ورقة	ورق+ة	ورق+ة	 
جهه	جه+ه	جه+ه	 
واطي	واطي	واطي	 
كزازه	كزاز+ه	كزاز+ه	 
فلها	فل+ها	ف+لها	 
الزائد	ال+زائد	ال+زائد	 
وياج	و+ياج	و+ياج	 
رقصها	رقص+ها	رقص+ها	 
#فيصل_الدهمشي	# فيصلUNDERSCOREالدهمشي	#فيصل_الدهمش+ي	 
يخليكم	يخليكم	يخلي+كم	 
احجي	احجي	احج+ي	 
يتجاهلك	يتجاهلك	يتجاهل+ك	 
بالزين	ب+ال+زين	ب+ال+زين	 
فراق	فراق	فراق	 
يخليكـ	يخليك	يخلي+ك	 
فجأة	فجأ+ة	فجأ+ة	 
تشوكليتّ	تشوكليت	تشوكلي+ت	 
"توجع""ياخي"	"توجع "" ياخي"	"توجع""ياخ+ي"	 
لماذا	لماذا	ل+ماذا	 
تستيقظ	تستيقظ	تستيقظ	 
الفلكي	ال+فلكي	ال+فلكي	 
لاتصير	لاتصير	لاتصير	 
تلگالك	تل گ الك	تلگال+ك	 
ماعندهم	ماعندهم	ما+عندهم	 
ايام	ايام	ايام	 
هواي	هواي	هوا+ي	 
خطاب	خطاب	خطاب	 
يحلي	يحلي	يحل+ي	 
جيبي	جيب+ي	جيب+ي	 
جيّتك	جيت+ك	جيت+ك	 
مرحلة	مرحل+ة	مرحل+ة	 
ثقــيل	ثقيل	ثقيل	 
وجاء	و+جاء	و+جاء	 
انتو	انتو	انتو	 
أشواقه	أشواق+ه	أشواق+ه	 
فاقد	فاقد	فاقد	 
يسلمك	يسلم+ك	يسلم+ك	 
حنون	حنون	حنون	 
أطالع	أطالع	أطالع	 
بربج	بربج	بربج	 
متشهد	متشهد	متشهد	 
الصحيح	ال+صحيح	ال+صحيح	 
المحبه	ال+محبه	ال+محب+ه	 
وضحكاته	و+ضحك+ات+ه	و+ضحكات+ه	 
روحتْگ	روح+ت گ	روحتگ	 
متهني	متهني	متهن+ي	 
ذنبك	ذنب+ك	ذنب+ك	 
العيون	ال+عيون	ال+عيون	 
الصريخ،	ال+صريخ ،	ال+صريخ،	 
تصرف	تصرف	تصرف	 
للنظام	ل+ال+نظام	ل+ل+نظام	 
بعدك	بعد+ك	بعد+ك	 
شؤون	شؤون	شؤون	 
وجوالها	و+جوال+ها	و+جوال+ها	 
وياھ	و+يا ھ	و+ياھ	 
غياب	غياب	غياب	 
ياحلو	ياحلو	ياحل+و	 
http://t.co/RMVxh0phvR	http : / / t . co / RMVxh0phvR	http://t.co/RMVxh0phvR	 
التصنيف	ال+تصنيف	ال+تصنيف	 
أحدٍ	أحد	أحد	 
تبتسم	تبتسم	تبتسم	 
السخيفه	ال+سخيفه	ال+سخيف+ه	 
فاتحين	فاتح+ين	فاتح+ين	 
??!!؟	? ? ! ! ؟	??!!؟	 
ظن	ظن	ظن	 
ظل	ظل	ظل	 
ومتوضي	و+متوضي	و+متوضي	 
العُزله.	ال+عزله .	ال+عزله.	 
يدري	يدري	يدر+ي	 
وياهي	و+ياهي	وياه+ي	 
فرقوا	فرق+وا	فرق+وا	 
عندهم	عند+هم	عند+هم	 
خلوها	خلو+ها	خل+و+ها	 
شعوري	شعوري	شعور+ي	 
تنلم	تنلم	تنلم	 
هدر؟	هدر ؟	هدر؟	 
جآيبک	جآيب ک	جآيبک	 
يتكلم	يتكلم	يتكلم	 
فديته	فدي+ت+ه	فدي+ت+ه	 
":"")"	": "" )"	":"")"	 
ومع	و+مع	و+مع	 
ترة	تر+ة	تر+ة	 
ويدق	و+يدق	و+يدق	 
جلسات	جلس+ات	جلس+ات	 
تراك	تراك	تر+ا+ك	 
"بالله"""	"ب+الله """	"ب+ال+له"""	 
ولاعندها	و+ل+اعند+ها	و+لاعندها	 
بيسامحك	بيسامحك	ب+يسامح+ك	 
تلقاه	تلقا+ه	تلق+اه	 
والبسيه	و+البس+ي+ه	و+البسي+ه	 
واستانس	و+استانس	و+استانس	 
يتواصل	يتواصل	يتواصل	 
ربعج	ربعج	ربعج	 
يلعب	يلعب	يلعب	 
الشلهؤب،،	ال+شلهؤب ، ،	ال+شلهؤب،،	 
الساعه	ال+ساعه	ال+ساع+ه	 
احباب	احباب	احباب	 
يقولوا	يقول+وا	يقول+وا	 
َ			 
اوطاني	اوطاني	اوطان+ي	 
ربعي	ربعي	ربع+ي	 
ومايصح	و+مايصح	و+ما+يصح	 
هاديه	هاد+ي+ه	ه+اد+ي+ه	 
بالدائره	ب+الدائر+ه	ب+ال+دائر+ه	 
الحديد،،ياناس	ال+حديد ، ، ياناس	ال+حديد،،ياناس	 
بلدنا	بلد+نا	بلد+نا	 
الأصوآت	ال+أصوآت	ال+أصوآت	 
دب	دب	دب	 
ماصرت	ماصر+ت	ماصر+ت	 
تطلعه	تطلع+ه	تطلع+ه	 
"نشوفهم"""	"نشوف+هم """	"نشوفهم"""	 
ماجاكم	ماجاكم	ماجا+كم	 
يھمــِھ	ي ھ م ھ	يھمھ	 
الباس)	ال+باس )	ال+باس)	 
شارع	شارع	شارع	 
لكن:	لكن :	لكن:	 
ندور	ندور	ندور	 
وشدخلكم	وشدخلكم	وشدخل+كم	 
أمي	أم+ي	أم+ي	 
يرقا	يرق+ا	يرق+ا	 
يرقع	يرقع	يرقع	 
خلق	خلق	خلق	 
ألبيك	ألبي+ك	ألب+ي+ك	 
عرفني	عرفني	عرف+ني	 
*بغض	* ب+غض	ذبغض	 
ولد.	ولد .	و+لد.	 
ريميكس	ريميكس	ريميكس	 
الداوو	ال+داوو	ال+داوو	 
قفى	قفى	قف+ى	 
عالم	عالم	عالم	 
الطماطم.	ال+طماطم .	ال+طماطم.	 
http://t.co/1rmt0mhvwm	http : / / t . co / 1rmt0mhvwm	http://t.co/1rmt0mhvwm	 
اجابتي	اجاب+ت+ي	اجاب+تي	 
بهواي	ب+هواي	ب+هوا+ي	 
ليا	ليا	لي+ا	 
حلوه	حلو+ه	حلو+ه	 
الفولو	ال+فولو	ال+فولو	 
ياااخي	ياااخي	ياااخ+ي	 
امي	امي	امي	 
دونغهي	دونغهي	دونغهي	 
للصداره	ل+ال+صداره	ل+لصداره	 
بتكون	ب+تكون	ب+تكون	 
العذب	ال+عذب	ال+عذب	 
شكله	شكل+ه	شكل+ه	 
وفول	و+فول	و+فول	 
اتحداك	اتحداك	اتحد+ا+ك	 
شكلك	شكل+ك	شكل+ك	 
المهم	ال+مهم	ال+مهم	 
دوانيه	دواني+ه	دواني+ه	 
اللمبه.	ال+لمبه .	ال+لمبه.	 
يسار	يسار	يسار	 
بشر	بشر	ب+شر	 
عفت	عف+ت	ع+فت	 
ميزكك	ميزكك	ميزك+ك	 
اصلاً	اصلا	اصل+ا	 
احترامي	احترام+ي	احترام+ي	 
حجيك	حجي+ك	حجي+ك	 
لاتلتفت	لاتلتفت	لاتلتف+ت	 
اتركيها	اترك+ي+ها	اترك+ي+ها	 
ممحوق	ممحوق	ممحوق	 
أمر	أمر	أمر	 
نورك	نور+ك	نور+ك	 
غيااب	غيااب	غيااب	 
والألسنه	و+ال+ألسنه	و+ال+ألسنه	 
فاقدتك	فاقد+ت+ك	فاقد+ت+ك	 
ثقافاتكم	ثقاف+ات+كم	ثقافا+ت+كم	 
سوولي	سوولي	سوول+ي	 
بالاشياء	ب+ال+اشياء	ب+ال+اشياء	 
واوقف	و+اوقف	و+اوقف	 
#العراق_الصين	# العراقUNDERSCOREالصين	#العراق_الص+ين	 
تفصل	تفصل	تفصل	 
لعنبو	لعنبو	ل+عنبو	 
هوى	هوى	هو+ى	 
جوله	جول+ه	جول+ه	 
يالبنقال	يالبنقال	يالبنقال	 
الطبيعي??	ال+طبيعي ? ?	ال+طبيعي??	 
إحط	إحط	إحط	 
يوديني	يوديني	يود+ي+ني	 
يعتذر	يعتذر	يعتذر	 
فضولية	فضولي+ة	فضولي+ة	 
ومتأكده	و+متأكد+ه	و+متأكد+ه	 
يدخل	يدخل	يدخل	 
مبارايات	مبارايات	مباراي+ات	 
تضرك	تضرك	تضر+ك	 
عشانهم	عشان+هم	عش+ان+هم	 
جذبني	جذبني	جذب+ني	 
ومشغلين	و+مشغل+ين	و+مشغلين	 
أوصف	أوصف	أوصف	 
ازعاجہ	ازعاج ہ	ازعاجہ	 
من10000شخص	من 10000 شخص	من10000شخص	 
افهمها	افهم+ها	افهم+ها	 
روعة	روع+ة	روع+ة	 
النادي	ال+نادي	ال+نادي	 
لمرحلة	ل+مرحل+ة	ل+مرحلة	 
معصب	معصب	معصب	 
تضحكين	تضحك+ين	تضحك+ين	 
علينا	علي+نا	علي+نا	 
صارت	صار+ت	صار+ت	 
وناميّ.	و+نامي .	و+نامي.	 
غيم	غيم	غيم	 
الحضن	ال+حضن	ال+حضن	 
ينتظر	ينتظر	ينتظر	 
شفتك	شف+ت+ك	شفت+ك	 
احلامي	احلامي	احلام+ي	 
تكرم	تكرم	تكرم	 
شفته	شف+ت+ه	شفت+ه	 
قدامك	قدام+ك	قدام+ك	 
للطيب	ل+ال+طيب	ل+ل+طيب	 
شفتي	شفت+ي	شفت+ي	 
طلعن	طلعن	طلعن	 
دعيتك	دعي+ت+ك	دعي+ت+ك	 
زلاتك	زل+ات+ك	زل+ات+ك	 
هـمـوم	هموم	هموم	 
أسدَل	أسدل	أسدل	 
الرزينه	ال+رزينه	ال+رزين+ه	 
أغراب	أغراب	أغراب	 
اتورط	اتورط	اتورط	 
وات	وات	وات	 
are	are	رe	 
عنده.	عند+ه .	عنده.	 
الحارس	ال+حارس	ال+حارس	 
حاضر	حاضر	حاضر	 
*قومي	* قومي	ذقوم+ي	 
ولو	و+لو	و+لو	 
رهين	رهين	رهين	 
سنه	سن+ه	سن+ه	 
اتمد	اتمد	اتمد	 
اذكروه	اذكروه	اذكر+و+ه	 
:وين	: وين	:و+ين	 
يلفها	يلف+ها	يلف+ها	 
!!!!!!!!!؟!!؟	! ! ! ! ! ! ! ! ! ؟ ! ! ؟	!!!!!!!!!؟!!؟	 
بسيط	بسيط	بسيط	 
مغروره:(	مغرور+ه : (	مغروره:(	 
ونفست	و+نفس+ت	و+نفس+ت	 
جابته	جاب+ت+ه	جاب+ت+ه	 
لحاها	لحا+ها	ل+حا+ها	 
تبّاعة	تباع+ة	تباع+ة	 
مطيري	مطيري	مطير+ي	 
مبخرة	مبخر+ة	مبخر+ة	 
#اصدم_التايم_بمعلومة_عنك	# اصدمUNDERSCOREالتايمUNDERSCOREبمعلومةUNDERSCOREعنك	#اصدم_التايم_بمعلومة_عنك	 
ادفع	ادفع	ادفع	 
بكوكب	ب+كوكب	ب+كوكب	 
انتظر	انتظر	انتظر	 
شـي	شي	شي	 
هذاك	هذا+ك	ه+ذا+ك	 
بتمرضي	ب+تمرض+ي	ب+تمرض+ي	 
بسوالفهم	ب+سوالف+هم	ب+سوالف+هم	 
فرجها	فرج+ها	فرج+ها	 
فينا	في+نا	في+نا	 
الشيمه	ال+شيمه	ال+شيم+ه	 
وان	وان	و+ان	 
بقولھاا	ب+قول ھ اا	بقولھا+ا	 
آآآآه	آآآآه	آآآآ+ه	 
وفيكم	و+في+كم	وفي+كم	 
:).	: ) .	:).	 
بالعرض	ب+ال+عرض	ب+ال+عرض	 
يتعلق	يتعلق	يتعلق	 
عبالهمم	عبالهمم	عبالهمم	 
البطه	البط+ه	ال+بط+ه	 
طَاع	طاع	طاع	 
ومواساه	و+مواسا+ه	و+مواسا+ه	 
تجهل	تجهل	تجهل	 
عناوين	عناوين	عناوين	 
ولهان	و+ل+هان	وله+ان	 
أعط	أعط	أعط	 
الـحـب	ال+حب	ال+حب	 
جعلك	جعل+ك	جعل+ك	 
"""مغنيك"	""" مغني+ك"	"""مغني+ك"	 
شركة	شرك+ة	شرك+ة	 
هامور	هامور	ه+امور	 
سياق	سياق	سياق	 
اقدر	اقدر	اقدر	 
لسانج	ل+سانج	ل+سانج	 
زله	زل+ه	زل+ه	 
ضقتي	ضقتي	ضق+تي	 
وجودك	وجود+ك	وجود+ك	 
متكلم	متكلم	متكلم	 
اقول	اقول	اقول	 
دخلتي	دخل+ت+ي	دخل+ت+ي	 
اقوى	اقوى	اقوى	 
نعالي	نعال+ي	نعال+ي	 
(مافيك	( مافيك	(مافي+ك	 
البديع	ال+بديع	ال+بديع	 
بناام	ب+ناام	ب+ناام	 
تفجـعنا	تفجع+نا	تفجع+نا	 
المشاعر	ال+مشاعر	ال+مشاعر	 
غلطتك	غلط+ت+ك	غلط+ت+ك	 
بالتزوير؟	ب+ال+تزوير ؟	ب+ال+تزوير؟	 
بك	بك	بك	 
يركز	يركز	يركز	 
@Nurali8678	@ Nurali8678	@Nurali8678	 
كذيه	ك+ذي+ه	كذي+ه	 
صدز	صدز	صدز	 
صدر	صدر	صدر	 
ارحل	ارحل	ارحل	 
الفرقا	ال+فرقا	ال+فرق+ا	 
القناه	الق+نا+ه	ال+قنا+ه	 
بالحاره	ب+ال+حاره	ب+ال+حار+ه	 
يسمعونا	يسمعونا	يسمع+و+نا	 
#غرد_وكأنك_المنظم	# غردUNDERSCOREوكأنكUNDERSCOREالمنظم	#غرد_وكأنك_المنظم	 
الشدات	ال+شد+ات	ال+شد+ات	 
يستر	يستر	يستر	 
سميت	سمي+ت	سمي+ت	 
ثلاثية	ثلاثي+ة	ثلاثي+ة	 
الدايمة	ال+دايم+ة	ال+دايم+ة	 
تخاف	تخاف	تخاف	 
لقانا	ل+قانا	لق+ا+نا	 
لكنہ	لكن ہ	لكنہ	 
ماث...ياارب	ماث . . . ياارب	ماث...ياارب	 
يبتسم	يبتسم	يبتسم	 
المالديف	ال+مالديف	ال+مال+ديف	 
<<	< <	إإ	 
هذآ	هذآ	هذآ	 
بغيبتك	بغيبتك	ب+غيب+ت+ك	 
"""""الابتسامه"	""" "" ال+ابتسامه"	"""""الابتسام+ه"	 
رسام	رسام	رسام	 
يزيدگ	يزيد گ	يزيدگ	 
مصير	مصير	مصير	 
مختارت	مختار+ت	مختار+ت	 
فجأهہ	فجأ+ه ہ	ف+جأهہ	 
قولوا	قول+وا	قول+وا	 
التعب	ال+تعب	ال+تعب	 
يستحي	يستحي	يستح+ي	 
بمشي	ب+مشي	ب+مش+ي	 
يابومحمد	يابومحمد	يابومحمد	 
رقيق	رقيق	رقيق	 
التمرين	ال+تمرين	ال+تمر+ين	 
تحفظه	تحفظ+ه	تحفظ+ه	 
#د_العيدان	# دUNDERSCOREالعيدان	#د_العيد+ان	 
قسم	قسم	قسم	 
بس؟	بس ؟	بس؟	 
للبقيه	ل+لبق+ي+ه	ل+لبقي+ه	 
تمر	تمر	تمر	 
محللين	محلل+ين	محلل+ين	 
يعينك	يعين+ك	يعين+ك	 
قطر	قطر	قطر	 
اراضيك	اراضي+ك	اراضي+ك	 
بدر	بدر	بدر	 
مريوم؟??????	مريوم ؟ ? ? ? ? ? ?	مريوم؟??????	 
احيانا	احيا+نا	احيان+ا	 
أنا.@Shownzii	أنا . @ Shownzii	أنا.@صهونز	 
فيل	فيل	فيل	 
زى	زى	زى	 
بسك	ب+سك	بس+ك	 
أهلي	أهلي	أهل+ي	 
بيعطيــــك	ب+يعطيك	ب+يعطي+ك	 
ليش؟	ل+يش ؟	ليش؟	 
هاينكس	هاينكس	ها+ينكس	 
هذه	هذه	هذه	 
ريحتهم	ريح+ت+هم	ريح+ت+هم	 
اليونيسكو	ال+يونيسكو	ال+يونيسكو	 
اضيع	اضيع	اضيع	 
مباشره..	مباشر+ه . .	مباشره..	 
فدرج	ف+درج	ف+درج	 
لغيري	ل+غيري	ل+غير+ي	 
صحيت	صحي+ت	صحي+ت	 
ماھـو	ما ھ و	ماھو	 
وجيه	وجيه	وجيه	 
ازعل	ازعل	ازعل	 
وينهم	وين+هم	وين+هم	 
تسونامي	تسونامي	تسونامي	 
مشهوره	مشهور+ه	مشهور+ه	 
ادرس	ادرس	ادرس	 
ارتفعت	ارتفع+ت	ارتفع+ت	 
مصورينه	مصورين+ه	مصورين+ه	 
..~	. . ~	..	 
واغليــــك	و+اغلي+ك	و+اغل+ي+ك	 
هالشعب	هالشعب	ه+الشعب	 
عليها	علي+ها	علي+ها	 
عندما	عندما	عندما	 
عِشرة	عشر+ة	عشر+ة	 
الـسهــر	ال+سهر	ال+سهر	 
يغمره	يغمر+ه	يغمر+ه	 
نحفت	نحف+ت	نحف+ت	 
حتموتين	حتموتين	حتموت+ين	 
مشروع	مشروع	مشروع	 
ترقد	ترقد	ترقد	 
السعوديه	السعوديه	ال+سعودي+ه	 
ياشاعره	ياشاعره	ياشاعر+ه	 
@abu_looz	@ abuUNDERSCORElooz	@abu_looz	 
عديمين	عديم+ين	عديم+ين	 
الجروح	ال+جروح	ال+جروح	 
واقول	و+اقول	و+اقول	 
ضني	ضني	ضن+ي	 
التمهيدي	ال+تمهيدي	ال+تمهيدي	 
يبون	يبون	يبون	 
اسد	اسد	اسد	 
@s_mmbs	@ sUNDERSCOREmmbs	@s_mmbs	 
تاخذين	تاخذ+ين	تاخذ+ين	 
السعودية	ال+سعودي+ة	ال+سعودي+ة	 
عله	عل+ه	عل+ه	 
يصدك	يصدك	يصد+ك	 
‹????ہ	‹ ? ? ? ? ہ	‹????ہ	 
روتينية	روتيني+ة	روتيني+ة	 
ذكرته	ذكر+ت+ه	ذكر+ت+ه	 
ليييييييشششششش؟	ليييييييشششششش ؟	ليييييييشششششش؟	 
احترقت	احترق+ت	احترق+ت	 
كرار	كرار	كرار	 
عمرج	عمرج	ع+مرج	 
كـل	كل	كل	 
ابيض	ابيض	ابيض	 
يحسسونك	يحسسونك	يحسسون+ك	 
باللہ	ب+الل ہ	ب+اللہ	 
عيَّا	عيا	عي+ا	 
وجيت	و+جيت	و+جيت	 
حياتي.	حيا+ت+ي .	حياتي.	 
الاتحاد	ال+اتحاد	ال+اتحاد	 
متنسيه	متنسيه	متنسي+ه	 
الحنان؟??.	ال+حنان ؟ ? ? .	ال+حنان؟??.	 
بتمنالكم	بتمنالكم	بتمنال+كم	 
ومنو	و+منو	و+من+و	 
بالتايم	ب+ال+تايم	ب+ال+تايم	 
اكبر	اكبر	اكبر	 
أخبار	أخبار	أخبار	 
الطيّب	ال+طيب	ال+طيب	 
شايفه	شايف+ه	شايف+ه	 
لا،	لا ،	لا،	 
تخافوا	تخاف+وا	تخاف+وا	 
...??	. . . ? ?	...??	 
بقلب	ب+قلب	ب+قلب	 
وتشغل	و+تشغل	و+تشغل	 
وبل	و+بل	و+بل	 
ترويض	ترويض	ترويض	 
أعلم	أعلم	أعلم	 
بالجزمة	ب+ال+جزم+ة	ب+ال+جزم+ة	 
وشتات	و+شتا+ت	و+شتا+ت	 
شخير	شخير	شخير	 
تتجرأ	تتجرأ	تتجرأ	 
علق	علق	علق	 
آني	آني	آن+ي	 
المكان	ال+مكان	ال+مكان	 
حرمونا	حرمونا	حرم+و+نا	 
راسك،،	راس+ك ، ،	راسك،،	 
هالخرافات	هالخرافات	هالخرافا+ت	 
وضميري	و+ضميري	و+ضميري	 
لاه	لا+ه	لا+ه	 
وبعد	و+بعد	و+بعد	 
إغراقي	إغراقي	إغراق+ي	 
امتلأ	امتلأ	امتلأ	 
ياوطن	ياوطن	ياوطن	 
اطبطب	اطبطب	اطبطب	 
????؟	? ? ? ? ؟	????؟	 
الشله	ال+شله	ال+شل+ه	 
سمستر	سمستر	سمستر	 
بالمختصر	ب+ال+مختصر	ب+ال+مختصر	 
؟شوفهم	؟ شوف+هم	؟شوف+هم	 
بالله	ب+الله	ب+الله	 
تسلم	تسلم	تسلم	 
عمار	عمار	عمار	 
اللّي	اللي	اللي	 
المشكله	ال+مشكله	ال+مشكل+ه	 
وانتاجه،،منهار	و+انتاج+ه ، ، منهار	و+انتاجه،،منهار	 
وبارك	و+بارك	و+بارك	 
شارعكم	شارع+كم	شارع+كم	 
نتائجها	نتائج+ها	نتائج+ها	 
ويجي	ويجي	و+يجي	 
عاد!	عاد !	عاد!	 
النفاق.	ال+نفاق .	ال+نفاق.	 
شيٍ	شي	شي	 
ها؟	ها ؟	ها؟	 
العشاء	ال+عشاء	ال+عشاء	 
لخيالات	ل+خيال+ات	ل+خيالات	 
وخنفشاريه	وخنفشاريه	و+خنفشاريه	 
وكيل	وكيل	وكيل	 
تمرّ	تمر	تمر	 
خفيفات	خفيف+ات	خفيف+ات	 
وعتاب	و+عتاب	و+عتاب	 
البائسه	ال+بائسه	ال+بائس+ه	 
ذكريات	ذكري+ات	ذكري+ات	 
فيري	فيري	فير+ي	 
مهاراتي	مهار+ات+ي	مهارا+تي	 
واحسسك	و+احسسك	و+احسس+ك	 
.!	. !	.!	 
احترت	احتر+ت	احتر+ت	 
تبت	تبت	تب+ت	 
القحطاني،	ال+قحطاني ،	ال+قحطاني،	 
السماعات	ال+سماع+ات	ال+سماع+ات	 
#هل_تقبل_الزواج_من_فتاة_تلعب_سوني	# هلUNDERSCOREتقبلUNDERSCOREالزواجUNDERSCOREمنUNDERSCOREفتاةUNDERSCOREتلعبUNDERSCOREسوني	#هل_تقبل_الزواج_من_فتاة_تلعب_سوني	 
برميل	برميل	ب+رميل	 
والرأس	و+ال+رأس	و+ال+رأس	 
يهديك	يهدي+ك	يهدي+ك	 
العالمي	ال+عالمي	ال+عالمي	 
http://t.co/HCnKaIKo8M	http : / / t . co / HCnKaIKo8M	http://t.co/HCnKaIKo8M	 
البريد	ال+بريد	ال+بريد	 
ونص	و+نص	و+نص	 
#iglt	# iglt	#غل+ت	 
خسارته	خسار+ت+ه	خسار+ت+ه	 
محترمة	محترم+ة	محترم+ة	 
شغلي?.	شغل+ي ? .	شغلي?.	 
الاحترام	ال+احترام	ال+احترام	 
خف	خف	خف	 
#محمد_الصواغ	# محمدUNDERSCOREالصواغ	#محمد_الصواغ	 
هاك	هاك	هاك	 
الفضايح	ال+فضايح	ال+فضايح	 
لحالي.	ل+حالي .	لحالي.	 
"..."""	". . . """	"..."""	 
االوقت	االوقت	االوق+ت	 
ضنيني!	ضنين+ي !	ضنيني!	 
أخذ	أخذ	أخذ	 
أخر	أخر	أخر	 
عشرين	عشر+ين	عشر+ين	 
المطاوعة	ال+مطاوع+ة	ال+مطاوع+ة	 
أغير	أغير	أغير	 
معارفْك	معارف+ك	معارف+ك	 
التاير	ال+تاير	ال+تاير	 
انقتل	انقتل	انقتل	 
تشطبني	تشطبني	تشطب+ني	 
الابطال؟	ال+ابطال ؟	ال+ابطال؟	 
زهراء.	زهراء .	زهراء.	 
بردة	برد+ة	بردة	 
الجنون?”	ال+جنون ? ”	ال+جنون?”	 
http://t.co/1ByhylYkgB	http : / / t . co / 1ByhylYkgB	http://t.co/1ByhylYkgB	 
?اللي	? اللي	?الل+ي	 
*أنتي	* أنت+ي	ذأن+تي	 
الجمله	ال+جمله	ال+جمل+ه	 
جنك	جنك	جن+ك	 
@alflysy	@ alflysy	@alflysy	 
مشاعري	مشاعر+ي	مشاعر+ي	 
العـز	ال+عز	ال+عز	 
المدربين	ال+مدرب+ين	ال+مدرب+ين	 
طيعي	طيع+ي	طيع+ي	 
مايدرون	مايدرون	ما+يدرون	 
يعكس	يعكس	يعكس	 
بردت	برد+ت	برد+ت	 
جيلات	جيل+ات	جيل+ات	 
وروحوا	و+روح+وا	و+روح+وا	 
الفرن	ال+فرن	ال+فرن	 
“النسيان	“ ال+نسيان	“النسي+ان	 
سبتك	سب+ت+ك	سب+ت+ك	 
بالذات	ب+ال+ذات	ب+ال+ذات	 
اخته	اخت+ه	اخ+ت+ه	 
واتز	و+اتز	و+اتز	 
اتركهم	اترك+هم	اترك+هم	 
العاطل	ال+عاطل	ال+عاطل	 
يآخذ	يآخذ	يآخذ	 
بعيادة	ب+عياد+ة	ب+عياد+ة	 
متحجبه	متحجب+ه	متحجب+ه	 
@Zimoya_AlQasmi??	@ ZimoyaUNDERSCOREAlQasmi ? ?	@Zimoya_AlQasmi??	 
ماتخسر	ماتخسر	ما+تخسر	 
نفط	نفط	نفط	 
المقنن	ال+مقنن	ال+مقنن	 
خبر	خبر	خبر	 
واذاغلط	واذاغلط	و+اذاغلط	 
اتركها	اترك+ها	اترك+ها	 
??؟	? ? ؟	??؟	 
يهددني	يهددني	يهدد+ني	 
تصوير	تصوير	تصوير	 
ويطلع	و+يطلع	و+يطلع	 
مابوه	مابو+ه	ماب+و+ه	 
تقنع	تقنع	تقنع	 
حياة	حيا+ة	حيا+ة	 
وجيبي	و+جيبي	و+جيب+ي	 
احسن	احسن	احسن	 
نوره	نور+ه	نور+ه	 
يسهل	يسهل	يسهل	 
وخرده	و+خرد+ه	و+خرد+ه	 
حكاه	حكا+ه	حك+اه	 
ضمن	ضمن	ضمن	 
لقد	لقد	ل+قد	 
شديده..	شديد+ه . .	شديده..	 
وبين	و+بين	و+بين	 
قصيدي	قصيد+ي	قصيد+ي	 
تجبري	تجبر+ي	تجبر+ي	 
الظروف	ال+ظروف	ال+ظروف	 
ابيها	ابي+ها	اب+ي+ها	 
ديما	ديما	ديم+ا	 
سايرس	سايرس	سايرس	 
زمان	زمان	زمان	 
مالومكم	مالومكم	مالوم+كم	 
اماني	اماني	ام+ان+ي	 
امانه	امان+ه	ام+ان+ه	 
متضايق	متضايق	متضايق	 
اهتم	اهتم	اهتم	 
وكلنا	و+كل+نا	و+كل+نا	 
عسر	عسر	ع+سر	 
متاكده	متاكد+ه	متاكد+ه	 
لي??.	لي ? ? .	لي??.	 
متغير	متغير	متغير	 
آلمجالس	آلمجالس	آلمجالس	 
تجرحني	تجرحني	تجرح+ني	 
عسى	عسى	عسى	 
للسجن	ل+ال+سجن	ل+ل+سجن	 
رمليه	رملي+ه	رملي+ه	 
حالي	حالي	حال+ي	 
واسكت	و+اسكت	و+اسكت	 
قصرت	قصر+ت	قصر+ت	 
مايمديني	مايمديني	ما+يمديني	 
تنسى	تنسى	تنس+ى	 
تمثلني،نفقدك	تمثلني ، نفقدك	تمثلني،نفقد+ك	 
بسكم	بس+كم	بس+كم	 
مخي	مخي	مخي	 
ادعي	ادعي	ادعي	 
سئلتة	سئلت+ة	سئل+ت+ة	 
حنان	حنان	حنان	 
ب100	ب 100	ب+100	 
بخصوص	ب+خصوص	ب+خصوص	 
عصفور	عصفور	عصفور	 
الحريم	ال+حريم	ال+حريم	 
جذوره.	جذور+ه .	جذوره.	 
السياسية*??	ال+سياسي+ة * ? ?	ال+سياسيةذ??	 
تنجن	تنجن	تنجن	 
عايشين	عايش+ين	عايش+ين	 
تاكلها	تاكل+ها	تاكل+ها	 
#ن_ر	# نUNDERSCOREر	#ن_ر	 
تنشر	تنشر	تنشر	 
الثانيه	الثاني+ه	ال+ثاني+ه	 
ولاعه	و+لاع+ه	و+لاع+ه	 
يومي	يوم+ي	يوم+ي	 
يخليك	يخليك	يخلي+ك	 
ادعوا	ادع+وا	ادع+وا	 
تسسلم	تسسلم	تسسلم	 
الساعة	ال+ساع+ة	ال+ساع+ة	 
متأخر	متأخر	متأخر	 
تتكلم	تتكلم	تتكلم	 
تذل	تذل	تذل	 
عاجبته	عاجب+ت+ه	عاجب+ت+ه	 
وانبسطت	و+انبسط+ت	و+انبسط+ت	 
بنوته	ب+نوت+ه	ب+نو+ت+ه	 
حضنتك	حضن+ت+ك	حضن+ت+ك	 
سيمور	سيمور	سيمور	 
إفضاله	إفضال+ه	إفضال+ه	 
صعيب	صعيب	صعيب	 
ونينك	و+نينك	و+نين+ك	 
اسمائكم	اسمائ+كم	اسمائ+كم	 
عنكم	عن+كم	عن+كم	 
اسمك،،	اسم+ك ، ،	اسمك،،	 
?ن	? ن	?ن	 
@ahmed_ng505	@ ahmedUNDERSCOREng505	@ahmed_ng505	 
يحليلها	يحليلها	يحليله+ا	 
نسايم؟	نسايم ؟	نسايم؟	 
@AlfahaQ8	@ AlfahaQ8	@AlfahaQ8	 
اقفى	اقفى	اقف+ى	 
يارجل	يارجل	يارجل	 
خلقت	خلق+ت	خلق+ت	 
لايكون	لايك+ون	ل+ايكون	 
احمر	احمر	احمر	 
شتخلي	شتخلي	شتخل+ي	 
الكعبه...	ال+كعبه . . .	ال+كعبه...	 
مرايتك	مراي+ت+ك	مراي+ت+ك	 
البكاء	ال+بكاء	ال+بكاء	 
وبكائيات	و+بكائي+ات	و+بكائي+ات	 
الإماراتي	ال+إماراتي	ال+إماراتي	 
الموضه	ال+موضه	ال+موض+ه	 
وبسرعة	و+ب+سرع+ة	و+ب+سرعة	 
تذكروني	تذكروني	تذكرون+ي	 
السما	ال+سما	ال+سما	 
ضد	ضد	ضد	 
تبغاه	تبغ+ا+ه	تبغ+اه	 
راسهم	راس+هم	راس+هم	 
تجمده	تجمد+ه	تجمد+ه	 
سنيني	سنين+ي	سنين+ي	 
يروح	يروح	يروح	 
…	…	…	 
استوعبه??	استوعب+ه ? ?	استوعبه??	 
الموادع	ال+موادع	ال+موادع	 
قابل	قابل	قابل	 
الجمال	ال+جمال	ال+جمال	 
#تربية	# تربي+ة	#تربي+ة	 
ازواج	ازواج	ازواج	 
شهيد	شهيد	شهيد	 
يشيله	يشيل+ه	يشيل+ه	 
!؟	! ؟	!؟	 
العدد2	ال+عدد 2	ال+عدد2	 
,	,	,	 
والززززززززحممممممةةةةةةةة	والززززززززحممممممةةةةةةةة	والززززززززحممممممةةةةةةةة	 
هجرك	هجر+ك	ه+جر+ك	 
لاقال	ل+اقال	ل+اقال	 
كن	كن	ك+ن	 
سلم	سلم	سلم	 
يسويوا	يسوي+وا	يسوي+وا	 
غزال	غزال	غزال	 
سنينك	سنين+ك	سنين+ك	 
رااااح	رااااح	رااااح	 
شباب	شباب	شباب	 
وگل	و گ ل	و+گل	 
يومياً	يومي+ا	يوم+يا	 
اموري	اموري	امور+ي	 
المناطق	ال+مناطق	ال+مناطق	 
يـلــم	يلم	يلم	 
"""تنسى"""	""" تنسى """	"""تنسى"""	 
ومصدعينا	و+مصدعي+نا	و+مصدعي+نا	 
يجيني	يجيني	يجي+ني	 
هجراني	هجراني	ه+جرا+ني	 
المثالي	ال+مثالي	ال+مثالي	 
الوحدة	ال+وحد+ة	ال+وحد+ة	 
؟؟	؟ ؟	؟؟	 
ليـا	ليا	لي+ا	 
ا?سلوبه	ا ? سلوب+ه	ا?سلوب+ه	 
تتغلى	تتغلى	تتغلى	 
أدورها	أدور+ها	أدور+ها	 
امك	امك	ام+ك	 
الوالده	ال+والده	ال+والد+ه	 
غلا	غلا	غل+ا	 
العلل	ال+علل	ال+علل	 
#افتخر_اني_ولا_مرة	# افتخرUNDERSCOREانيUNDERSCOREولاUNDERSCOREمرة	#افتخر_اني_ولا_مر+ة	 
ماراح	ماراح	ما+راح	 
فيها??	في+ها ? ?	ف+يها??	 
اظن	اظن	اظن	 
اخر	اخر	اخر	 
اخص	اخص	اخص	 
ركونه	ركون+ه	ركون+ه	 
بالجذبه	ب+ال+جذبه	ب+ال+جذب+ه	 
بالابطال	ب+ال+ابطال	ب+ال+ابطال	 
ياقو	ياقو	ياق+و	 
??~o)	? ? ~ o )	??)	 
#فانز_يارا	# فانزUNDERSCOREيارا	#فانز_يار+ا	 
موبس	موبس	م+وبس	 
"مطيه"""	"مطي+ه """	"مطيه"""	 
توصل	توصل	توصل	 
ياشارغ	ياشارغ	ياشارغ	 
الأندية	ال+أندي+ة	ال+أندي+ة	 
عندج	عندج	ع+ندج	 
اخذ	اخذ	اخذ	 
الجام	ال+جام	ال+جام	 
ملعب..طيب	ملعب . . طيب	ملعب..طيب	 
فنانه	فنان+ه	فن+ان+ه	 
ايميلك	ايميلك	ايمي+ل+ك	 
وأحدٍ	و+أحد	و+أحد	 
علاقة	علاق+ة	علاق+ة	 
منع	منع	منع	 
امس	امس	امس	 
امر	امر	امر	 
وبعضهم	و+بعض+هم	و+بعض+هم	 
مؤدبه	مؤدب+ه	مؤدب+ه	 
غآيب	غآيب	غآيب	 
الافعــــال	ال+افعال	ال+افعال	 
"""?"""	""" ? """	"""?"""	 
وشفي	و+شفي	و+شف+ي	 
جمعه	جمع+ه	جمع+ه	 
ارتاااح	ارتاااح	ارتاااح	 
غلى	غلى	غل+ى	 
أسماء	أسماء	أسماء	 
وترجع	و+ترجع	و+ترجع	 
معيود	معيود	معيود	 
الامس	ال+امس	ال+امس	 
القاع	ال+قاع	ال+قاع	 
جارتنا	جارتنا	جار+ت+نا	 
ومحد	و+محد	و+محد	 
القلب	ال+قلب	ال+قلب	 
الصغار	ال+صغار	ال+صغار	 
الشحن	ال+شحن	ال+شحن	 
وحرمآني	وحرمآني	و+حرمآن+ي	 
يحدث	يحدث	يحدث	 
-ماشاءالله-	- ماشاءالله -	-ماشاءالله-	 
جاملت	جامل+ت	جامل+ت	 
طايحين	طايحين	طايح+ين	 
يابو	يابو	يابو	 
أحزانك،	أحزان+ك ،	أحزانك،	 
شخصيه	شخصي+ه	شخصي+ه	 
شخص؟	شخص ؟	شخص؟	 
كأنها	ك+أن+ها	كأن+ها	 
بابه	باب+ه	باب+ه	 
وحب	و+حب	و+حب	 
يمشون	يمشون	يمشون	 
تفاهة	تفاه+ة	تفاه+ة	 
دااشوفها	دااشوفها	دااشوفه+ا	 
"حظي”"""""	"حظي ” "" """	"حظي”"""""	 
تغلا	تغلا	تغلا	 
حاصل	حاصل	ح+اصل	 
!*	! *	!ذ	 
علاقه	علاق+ه	علاق+ه	 
@radar_group99	@ radarUNDERSCOREgroup99	@radar_group99	 
تاريخكم	تاريخ+كم	تاريخ+كم	 
المراد	ال+مراد	ال+مراد	 
شطبنا	شطب+نا	شطب+نا	 
لأيام	ل+أيام	ل+أيام	 
عآملني	عآملني	عآمل+ني	 
تشكي	تشكي	تشك+ي	 
لہ	ل ہ	لہ	 
بيعتصمون	بيعتصمون	بيعتصمون	 
تنتهون	تنته+ون	تنتهون	 
خربهم	خرب+هم	خرب+هم	 
لعيون	ل+عيون	ل+عيون	 
آكل	آكل	آكل	 
هالأيام	هالأيام	ه+الأيام	 
هوس	هوس	هوس	 
اللمبات	ال+لمب+ات	ال+لمب+ات	 
..لابغاها	. . ل+ابغا+ها	..لابغاه+ا	 
بالمواجيب	ب+ال+مواجيب	ب+ال+مواجيب	 
مثلا	مثل+ا	مثل+ا	 
اقابلهم،،،لكن	اقابلهم ، ، ، لكن	اقابلهم،،،لكن	 
الفرقاء	ال+فرقاء	ال+فرقاء	 
تاتا	تاتا	تاتا	 
عنه	عن+ه	عن+ه	 
بشر?	بشر ?	بشر?	 
شكو	شكو	شك+و	 
محبتك	محب+ت+ك	محب+ت+ك	 
إرهابيين	إرهابي+ين	إرهابي+ين	 
روني	روني	روني	 
ورآك	ورآك	و+رآ+ك	 
بيقولها	ب+يقول+ها	ب+يقول+ها	 
نتمنى	نتمنى	نتم+نى	 
ضربوا	ضرب+وا	ضرب+وا	 
سمك	سمك	سمك	 
احتاجك..	احتاج+ك . .	احتاجك..	 
صعب	صعب	صعب	 
نشدوك	نشدوك	نشد+و+ك	 
السوالف	ال+سوالف	ال+سوالف	 
سمو	سمو	سم+و	 
الندم	ال+ندم	ال+ندم	 
"????"""	"? ? ? ? """	"????"""	 
الشديد	ال+شديد	ال+شديد	 
شكينا	شكين+ا	شك+ي+نا	 
ممتعه	ممتع+ه	ممتع+ه	 
لدعم	ل+دعم	ل+دعم	 
حاراً	حار+ا	حار+ا	 
تـهـبـه	تهب+ه	تهب+ه	 
تمشي	تمشي	تمشي	 
أنه	أن+ه	أن+ه	 
القصه	القص+ه	ال+قص+ه	 
يفلان..	يفلان . .	يفلان..	 
ابداً	ابدا	ابد+ا	 
واحدٍ	واحد	واحد	 
هالمره	هالمره	ه+المره	 
غيابه	غياب+ه	غياب+ه	 
عن؟	عن ؟	عن؟	 
درسيني	درسيني	درس+ي+ني	 
تعاملني	تعاملني	تعامل+ني	 
بيلاقي	ب+يلاقي	ب+يلاقي	 
الانجليزي	ال+انجليزي	ال+انجليزي	 
45:10	45 : 10	45:10	 
حيله)	حيل+ه )	حيله)	 
ومروه	و+مرو+ه	و+مرو+ه	 
http://t.co/LLsAdb4W1T	http : / / t . co / LLsAdb4W1T	http://t.co/LLsAdb4W1T	 
العدل	ال+عدل	ال+عدل	 
تشوهوا	تشوه+وا	تشوه+وا	 
علاوي	علاوي	علاو+ي	 
مطلعي	مطلع+ي	مطلع+ي	 
اكره	اكره	اكره	 
صب	صب	صب	 
أستصاب	أستصاب	أستصاب	 
نايم	نايم	نايم	 
نايل	نايل	نايل	 
هضبه	هضب+ه	هضب+ه	 
وفالينها	و+فالين+ها	وفالي+ن+ها	 
@ABZayed	@ ABZayed	@ABZayed	 
خابرنا”	خابر+نا ”	خابرنا”	 
بقلبي..	ب+قلبي . .	بقلبي..	 
فالسموحه	ف+ال+سموحه	فالسموح+ه	 
ادق	ادق	ادق	 
:باقي	: باقي	:باق+ي	 
غاليك	غالي+ك	غالي+ك	 
نام	نام	نام	 
للمخطي	ل+ال+مخطي	ل+لمخط+ي	 
براسي	ب+راسي	ب+راسي	 
ذيب	ذيب	ذيب	 
"اخوانه"""	"اخوان+ه """	"اخوانه"""	 
وتتصنع	و+تتصنع	و+تتصنع	 
والوصايف	و+ال+وصايف	و+ال+وصايف	 
شسمه..	شسمه . .	شسمه..	 
@HalaFmradio	@ HalaFmradio	@HalaFmradio	 
تجاهكم	تجاه+كم	تجاه+كم	 
مواقفي	مواقف+ي	مواقف+ي	 
كلام	كلام	كلام	 
نائب	نائب	نائب	 
مالتكم	مال+ت+كم	مال+ت+كم	 
الابتسامة	ال+ابتسام+ة	ال+ابتسام+ة	 
الخيانه	ال+خيانه	ال+خيان+ه	 
فاعرفو	فاعرفو	ف+اعرف+و	 
يسألون	يسأل+ون	يسألون	 
صاحبنا	صاحب+نا	صاحب+نا	 
شنهي	شنهي	شنه+ي	 
واشياء	و+اشياء	و+اشياء	 
أردد	أردد	أردد	 
#البحرين	# ال+بحرين	#البحر+ين	 
أرهابكم	أرهابكم	أرهاب+كم	 
رز	رز	رز	 
@Teba1235	@ Teba1235	@Teba1235	 
يزفج	يزفج	يزفج	 
"""@iAlMarri_:"	""" @ iAlMarriUNDERSCORE :"	"""@الMرر_:"	 
هضبة	هضب+ة	هضب+ة	 
ضعفهُم	ضعف+هم	ضعف+هم	 
اول	اول	اول	 
مقفل	مقفل	مقفل	 
اسباب	اسباب	اسباب	 
رب	رب	رب	 
يزفر	يزفر	يزفر	 
حسافة	حساف+ة	حساف+ة	 
براهـا	برا+ها	ب+را+ها	 
رد	رد	رد	 
تخليني	تخليني	تخلي+ني	 
مخترع	مخترع	مخترع	 
نشافة	نشاف+ة	نشاف+ة	 
سارح	سارح	سارح	 
...رجعت	. . . رجع+ت	...رجع+ت	 
@iraq_Mzage	@ iraqUNDERSCOREMzage	@iraq_Mzage	 
وغيبتك	و+غيب+ت+ك	وغيب+ت+ك	 
الوحيد	ال+وحيد	ال+وحيد	 
مكثر	مكثر	مكثر	 
لسا	لس+ا	لس+ا	 
خيالي	خيالي	خيال+ي	 
زياده	زياد+ه	زياد+ه	 
السكيني	ال+سكين+ي	ال+سكيني	 
الروافض	ال+روافض	ال+روافض	 
الاحلام	ال+احلام	ال+احلام	 
شفايفك	شفايف+ك	شفايف+ك	 
الجنون	ال+جنون	ال+جنون	 
افطر	افطر	افطر	 
وخلك	و+خلك	و+خل+ك	 
غيرة	غير+ة	غير+ة	 
غبت	غب+ت	غب+ت	 
دورية	دوري+ة	دوري+ة	 
تتحرك	تتحرك	تتحرك	 
أدله	أدل+ه	أدل+ه	 
بمسؤولية	ب+مسؤولي+ة	ب+مسؤولي+ة	 
سآمجهه	سآمجهه	سآمجه+ه	 
الجنوب	ال+جنوب	ال+جنوب	 
ذكرياتي	ذكري+ات+ي	ذكريات+ي	 
نفسي؟	نفس+ي ؟	نفسي؟	 
تنتهي	تنتهي	تنتهي	 
بحاجته	ب+حاج+ت+ه	ب+حاج+ت+ه	 
غيره	غير+ه	غير+ه	 
*ما	* ما	ذم+ا	 
غيري	غيري	غير+ي	 
فتره	فتر+ه	فتر+ه	 
انفسهم	انفس+هم	انفس+هم	 
الجزيرة	ال+جزير+ة	ال+جزيرة	 
مشتريك	مشتري+ك	مشتري+ك	 
اسعدتك	اسعد+ت+ك	اسعد+ت+ك	 
ينسون	ينس+ون	ينسون	 
#الإمارات	# ال+إمار+ات	#الإمارا+ت	 
رسميه	رسمي+ه	رسمي+ه	 
هالمطر	هالمطر	ه+المطر	 
ياخذ	ياخذ	ياخذ	 
خوف	خوف	خوف	 
ديرة	دير+ة	دير+ة	 
يخلص	يخلص	يخلص	 
بالأكيده..	ب+ال+أكيده . .	ب+ال+أكيده..	 
النجوم	ال+نجوم	ال+نجوم	 
المؤتمر	ال+مؤتمر	ال+مؤتمر	 
آخر،	آخر ،	آخر،	 
بطلعج	بطلعج	بطلعج	 
صدره	صدر+ه	صدر+ه	 
والحمدلله	و+ال+حمدلله	و+الحمدلله	 
تزق	تزق	تزق	 
اشوفك	اشوفك	اشوف+ك	 
الچلاب	ال چ لاب	ال+چلاب	 
أملک	أمل ک	أملک	 
Mالشمري	Mالشمري	Mالشمر+ي	 
يضوجك	يضوجك	يضوج+ك	 
خيرة	خير+ة	خير+ة	 
كمعاقين!	ك+معاق+ين !	كمعاقين!	 
يازين	يازين	ياز+ين	 
مسأله	مسأل+ه	مسأل+ه	 
ورجمه	و+رجم+ه	و+رجم+ه	 
كلمتيه	ك+لمتي+ه	كلمتي+ه	 
المعيوب	ال+معيوب	ال+معيوب	 
تسجدة	تسجد+ة	تسجد+ة	 
@aseel_o	@ aseelUNDERSCOREo	@aseel_o	 
ووفاء..	و+وفاء . .	و+وفاء..	 
"????؟"""	"? ? ? ? ؟ """	"????؟"""	 
بضع	بضع	ب+ضع	 
منتشرة	منتشر+ة	منتشر+ة	 
هيبه	هيب+ه	هيب+ه	 
شبعان???????	شبعان ? ? ? ? ? ? ?	شبعان???????	 
وقتي	وقتي	وقت+ي	 
واسطة	واسط+ة	واسط+ة	 
بمسح	ب+مسح	ب+مسح	 
اخيس	اخيس	اخيس	 
تمسون	تمس+ون	تمسون	 
المعرب	ال+معرب	ال+معرب	 
بكبار	ب+كبار	ب+كبار	 
الوداع	ال+وداع	ال+وداع	 
ومايبين	و+مايبين	و+ما+يبين	 
مااحب	مااحب	ما+احب	 
اتحمل	اتحمل	اتحمل	 
شغال	شغال	شغال	 
موقف	موقف	موقف	 
لحظات	لحظ+ات	لحظ+ات	 
كلما	كلما	كلم+ا	 
بالحلآ	ب+ال+حلآ	ب+ال+حلآ	 
البسمه	ال+بسمه	ال+بسم+ه	 
بشرط	ب+شرط	ب+شرط	 
مقطع	مقطع	مقطع	 
!!!!	! ! ! !	!!!!	 
يمين	يمين	يمين	 
طبوعه..	طبوع+ه . .	طبوعه..	 
إنها	إن+ها	إن+ها	 
@Abu_khalid101	@ AbuUNDERSCOREkhalid101	@Abu_khalid101	 
عطوها	عطو+ها	عطو+ها	 
واحط	و+احط	و+احط	 
لاتغرك	لاتغرك	لاتغر+ك	 
والفلوس	و+ال+فلوس	و+ال+فلوس	 
اسمعكم	اسمع+كم	اسمع+كم	 
نبي	نبي	نبي	 
فيهم؟	في+هم ؟	ف+يهم؟	 
بسالج	ب+سالج	ب+سالج	 
آعشقك	آعشقك	آعشق+ك	 
چذي	چ ذي	چذ+ي	 
لإختي	ل+إختي	ل+إخت+ي	 
بتمشي	ب+تمشي	ب+تمشي	 
حامل	حامل	ح+امل	 
واحد.	واحد .	و+احد.	 
#رايف_العتيبي	# رايفUNDERSCOREالعتيبي	#رايف_العتيب+ي	 
هاذي	هاذي	ها+ذي	 
داام	داام	داام	 
شكيرا	شكير+ا	شكير+ا	 
التلفزيون	ال+تلفزيون	ال+تلفزيون	 
واذا	و+اذ+ا	و+اذا	 
الباله?	ال+باله ?	ال+باله?	 
واهوا	واه+وا	و+اهو+ا	 
نبع	نبع	نبع	 
وموظفينك	وموظفينك	و+موظفين+ك	 
رايحه	رايح+ه	رايح+ه	 
غامـر	غامر	غامر	 
وحدي	وحد+ي	و+حد+ي	 
الديره	ال+ديره	ال+دير+ه	 
حطيتي	حطيتي	حطي+تي	 
شتاء	شتاء	شتاء	 
تنعنش	تنعنش	تنعنش	 
هههههههههههههههههههههههههههههههههههههههههههههههههههه	هههههههههههههههههههههههههههههههههههههههههههههههههههه	هههههههههههههههههههههههههههههههههههههههههههههههههههه	 
البارحة	ال+بارح+ة	ال+بارح+ة	 
والأوادم	و+ال+أوادم	و+ال+أوادم	 
عندك	عند+ك	عند+ك	 
والمطر	و+ال+مطر	و+ال+مطر	 
.القلب	. ال+قلب	.القلب	 
للبنات	ل+ال+بن+ات	ل+ل+بنات	 
انساك	انساك	انس+ا+ك	 
حقك	حق+ك	حق+ك	 
غنت	غن+ت	غن+ت	 
استغفر	استغفر	استغفر	 
تشوفون	تشوف+ون	تشوفون	 
@khaleddlim	@ khaleddlim	@khaleddlim	 
امسك	امسك	امسك	 
انتهى	انتهى	انتهى	 
الآغا	ال+آغا	ال+آغا	 
يتزوج	يتزوج	يتزوج	 
دوا	دوا	دوا	 
#اعتراف_تالي_الليل	# اعترافUNDERSCOREتاليUNDERSCOREالليل	#اعتراف_تالي_الليل	 
بمُثوااي	ب+مثوااي	ب+مثوااي	 
وارهى	و+ارهى	و+ارهى	 
بيس	بيس	بيس	 
وازرع	و+ازرع	و+ازرع	 
هالمجنسين	هالمجنسين	هالمجنس+ين	 
الوكاد?	ال+وكاد ?	ال+وكاد?	 
عل	عل	عل	 
العيب	ال+عيب	ال+عيب	 
شوفہ	شوف ہ	شوفہ	 
الإمارات	ال+إمار+ات	ال+إمار+ات	 
خلصت:).	خلص+ت : ) .	خلصت:).	 
ووفا	و+وفا	و+وفا	 
يفعله	يفعل+ه	يفعل+ه	 
هاذذذذي	هاذذذذي	هاذذذذ+ي	 
بية	بي+ة	بي+ة	 
بالشخص	ب+ال+شخص	ب+ال+شخص	 
بأعضاء	ب+أعضاء	ب+أعضاء	 
وربعه	و+ربع+ه	و+ربع+ه	 
ابالغ	ابالغ	ابالغ	 
مشاعري]	مشاعر+ي ]	مشاعري]	 
صباحكم	صباح+كم	صباح+كم	 
عونك	عون+ك	عون+ك	 
چا	چ ا	چا	 
أساس	أساس	أساس	 
تفرح	تفرح	تفرح	 
كلک	كل ک	كلک	 
وإلا	و+إلا	و+إلا	 
عط	عط	عط	 
مابيدنه	مابيدنه	مابيدن+ه	 
تقرب	تقرب	تقرب	 
الجميل	ال+جميل	ال+جميل	 
أصابعهم	أصابع+هم	أصابع+هم	 
مانضغط	مانضغط	ما+نضغط	 
تقرا	تقر+ا	تقرا	 
مراحل	مراحل	مراحل	 
حدي	حدي	ح+دي	 
ماهوب	ماهوب	ما+هوب	 
مسك	مسك	مسك	 
بالاحوال	ب+ال+احوال	ب+ال+احوال	 
وأبجي	و+أبجي	و+أبجي	 
مبنيه	مبني+ه	مبني+ه	 
تغريداتك	تغريد+ات+ك	تغريد+ات+ك	 
يطلعها	يطلع+ها	يطلع+ها	 
انصدم	انصدم	انصدم	 
يحاول	يحاول	يحاول	 
تفكر	تفكر	تفكر	 
وصل؟	وصل ؟	و+صل؟	 
"""?~o)."	""" ? ~ o ) ."	"""?)."	 
ومسافر	و+مسافر	و+مسافر	 
الهويه.ما	ال+هويه . ما	ال+هويه.م+ا	 
واضحك	و+اضحك	واضح+ك	 
منين	من+ين	من+ين	 
بكون	ب+كون	ب+كون	 
معبرني	معبرني	معبر+ني	 
شوفك	شوف+ك	شوف+ك	 
تواعد	تواعد	تواعد	 
أسود	أسود	أسود	 
والكوري	و+ال+كوري	و+ال+كوري	 
بشكل	ب+شكل	ب+شكل	 
شخصيا	شخصي+ا	شخص+يا	 
اغنية	اغني+ة	اغني+ة	 
ومحبه	و+محب+ه	و+محب+ه	 
النظيفه	ال+نظيفه	ال+نظيف+ه	 
تنتشل	تنتشل	تنتشل	 
وجهٍ	وجه	وجه	 
استسلموا	استسلم+وا	استسلم+وا	 
الاحساس	ال+احساس	ال+احساس	 
وانتوا	و+انت+وا	و+انتوا	 
كبيته	ك+بيت+ه	كبي+ت+ه	 
غالي	غالي	غالي	 
اغني؟	اغني ؟	اغني؟	 
الأمن	ال+أمن	ال+أمن	 
حزين	حزين	حزين	 
چم	چ م	چم	 
اشعمل	اشعمل	اشعمل	 
عيونن	عيون+ن	ع+يونن	 
سكن	سكن	سكن	 
بكلمه	ب+كلم+ه	ب+كلم+ه	 
سااعہ	سااع ہ	سااعہ	 
????????!	? ? ? ? ? ? ? ? !	????????!	 
أفرح	أفرح	أفرح	 
وحنينه،	و+حنين+ه ،	و+حنينه،	 
http://t.co/mcV3w1c3fo	http : / / t . co / mcV3w1c3fo	http://t.co/mcV3w1c3fo	 
??؟!!	? ? ؟ ! !	??؟!!	 
ذيلن	ذيلن	ذيلن	 
غصـة	غص+ة	غص+ة	 
كعبة	كعب+ة	كعب+ة	 
جلكسي	جلكسي	جلكس+ي	 
ادريبك	ادريبك	ادريب+ك	 
يعزز	يعزز	يعزز	 
وهذي	و+هذي	و+هذي	 
استوعب	استوعب	استوعب	 
المستوه	ال+مستوه	ال+مستو+ه	 
بالمستقبل	ب+ال+مستقبل	ب+ال+مستقبل	 
البلطجيه	ال+بلطجيه	ال+بلطجي+ه	 
أشتاقلك	أشتاقلك	أشتاق+ل+ك	 
هنود	هنود	هنود	 
شايف	شايف	شايف	 
زد	زد	زد	 
آعشق	آعشق	آعشق	 
اتجاهلها	اتجاهلها	اتجاهل+ها	 
للدنيا	ل+ال+دنيا	ل+ل+دنيا	 
يهمني	يهمني	يهمني	 
بهز	ب+هز	ب+هز	 
????????~	? ? ? ? ? ? ? ? ~	????????	 
يشتغل	يشتغل	يشتغل	 
فمصلحة	ف+مصلح+ة	ف+مصلحة	 
يتسلى	يتسلى	يتسلى	 
بها	ب+ها	بها	 
وحقوق	و+حقوق	و+حقوق	 
you	you	ي	 
تصك	تصك	تصك	 
بكلمة	ب+كلم+ة	ب+كلمة	 
كيبل	كيبل	كيبل	 
حليب	حليب	حليب	 
"~(=|"""	"~ ( = | """	"(=آ"""	 
جداني	جدان+ي	جدا+ني	 
...؟	. . . ؟	...؟	 
تكتب	تكتب	تكتب	 
..علي	. . علي	..عل+ي	 
بيعوضك	بيعوضك	ب+يعوض+ك	 
احفظوا	احفظ+وا	احفظ+وا	 
إتدوّر	إتدور	إتدور	 
ردود	ردود	ردود	 
عليهم	علي+هم	علي+هم	 
ياقمر	ياقمر	ياقمر	 
http://t.co/yp0AC01h6P	http : / / t . co / yp0AC01h6P	http://t.co/yp0AC01h6P	 
الـذي	الذي	الذي	 
غنيه	غني+ه	غني+ه	 
بعلوم	ب+علوم	ب+علوم	 
حلك	حلك	ح+لك	 
#happynessday	# happynessday	#هةةينeسسد+ي	 
شوفي	شوف+ي	شوف+ي	 
يدينهم	يدي+ن+هم	يدين+هم	 
بالخاص	ب+ال+خاص	ب+ال+خاص	 
جلسه	جلس+ه	جلس+ه	 
سهران	سهران	سهران	 
مشي	مشي	مش+ي	 
خصوصيات	خصوصي+ات	خصوصي+ات	 
الرجولة	ال+رجول+ة	ال+رجول+ة	 
آبد	آبد	آبد	 
طويق	طويق	طويق	 
يجزاك	يجزاك	يجز+ا+ك	 
لوضعي	ل+وضعي	ل+وضع+ي	 
الرد	ال+رد	ال+رد	 
نسأله	نسأل+ه	نسأل+ه	 
منو	منو	من+و	 
زيين	زي+ين	زي+ين	 
مشكلة	مشكل+ة	مشكل+ة	 
صورته	صور+ت+ه	صور+ت+ه	 
ماوكلي	ماوكلي	ما+وكلي	 
#hilal_sami	# hilalUNDERSCOREsami	#هلل_سم	 
فاسيا	فاسي+ا	ف+اسيا	 
الكشخه??????.	ال+كشخه ? ? ? ? ? ? .	ال+كشخه??????.	 
حمله	حمل+ه	حمل+ه	 
معاشه	معاش+ه	معاش+ه	 
السبب	ال+سبب	ال+سبب	 
معاشك	معاش+ك	معاش+ك	 
العاشق	ال+عاشق	ال+عاشق	 
ويفكنا	و+يفك+نا	و+يفك+نا	 
معي؟للسهرانين	مع+ي ؟ ل+ال+سهران+ين	معي؟للسهران+ين	 
ولييش	و+لييش	و+لييش	 
عليكم	علي+كم	علي+كم	 
يحفظك	يحفظك	يحفظ+ك	 
?????	? ? ? ? ?	?????	 
مصريه	مصري+ه	مصري+ه	 
نايمه	نايم+ه	نايم+ه	 
ببرود	ب+برود	ب+برود	 
وحالتك	و+حال+ت+ك	وحال+ت+ك	 
الليالي	ال+ليالي	ال+ليالي	 
اتكسرت	اتكسرت	اتكسر+ت	 
آكتبلك	آكتبلك	آكتبل+ك	 
اسكد	اسكد	اسكد	 
ينهزم	ينهزم	ينهزم	 
يشغلك	يشغلك	يشغل+ك	 
ربيت	ربي+ت	ربي+ت	 
سلبيه	سلبي+ه	سلبي+ه	 
الأولي	ال+أولي	ال+أولي	 
والعكس	و+ال+عكس	و+ال+عكس	 
أريد	أريد	أريد	 
يلعنك	يلعنك	يلعن+ك	 
اهلها	اهل+ها	اهل+ها	 
سداسية	سداسي+ة	سداسي+ة	 
جمهور	جمهور	جمهور	 
حمايه	حماي+ه	حماي+ه	 
عاليه	عاليه	عالي+ه	 
مانسكت؟	مانسكت ؟	مانسكت؟	 
وكول	و+كول	و+كول	 
تروح	تروح	تروح	 
شترقع	شترقع	شترقع	 
الطابور	ال+طابور	ال+طابور	 
ويجون	و+يجون	و+يجون	 
الفتك	ال+فتك	ال+ف+ت+ك	 
رجال	رجال	رجال	 
مااااااات	مااااااات	مااااااا+ت	 
@MajHomesick	@ MajHomesick	@MajHomesick	 
تضايقني.	تضايقني .	تضايقني.	 
وجنت	و+جن+ت	و+جن+ت	 
صلاه	صلا+ه	صل+اه	 
وكلن	و+ك+لن	و+كلن	 
-الك	- الك	-ال+ك	 
شكر	شكر	شكر	 
اطلعو	اطلعو	اطلع+و	 
شكد	شكد	شكد	 
البلى	ال+بلى	ال+بلى	 
يمدي	يمدي	يمد+ي	 
رجـا	رجا	رجا	 
،،،نبي	، ، ، نبي	،،،نب+ي	 
صديقي	صديق+ي	صديق+ي	 
المتعطلين	ال+متعطل+ين	ال+متعطل+ين	 
يسعدنيء	يسعدنيء	يسعدنيء	 
صديق	صديق	صديق	 
ياديرة??	ياديرة ? ?	ياديرة??	 
ودّي	ودي	و+دي	 
وياسمينه	و+ياسمين+ه	و+ياسمين+ه	 
وجي	و+جي	و+جي	 
تثرثر	تثرثر	تثرثر	 
تقدر	تقدر	تقدر	 
الصور	ال+صور	ال+صور	 
اسال	اسال	اسال	 
جبل	جبل	جبل	 
موعد	موعد	موعد	 
يكره	يكره	يكره	 
خبار	خبار	خبار	 
مايلي	مايلي	ما+يلي	 
وcheep	و+cheep	و+cهeeة	 
اخواني	اخواني	اخو+ان+ي	 
تحبها	تحب+ها	تحب+ها	 
وقفة	وقف+ة	وقف+ة	 
شــاعــر	شاعر	شاعر	 
الانحياديه	ال+انحياديه	ال+انحيادي+ه	 
وقفت	وقف+ت	وقف+ت	 
عمركم	عمر+كم	عمر+كم	 
الناس،يجلس	ال+ناس ، يجلس	ال+ناس،يجلس	 
الماضي	ال+ماضي	ال+ماضي	 
ظروف	ظروف	ظروف	 
أشـوفــه	أشوف+ه	أشوف+ه	 
كملت	كمل+ت	كمل+ت	 
طب	طب	طب	 
اربع	اربع	اربع	 
بداخلہ	ب+داخل ہ	بداخلہ	 
وهي	و+هي	و+هي	 
عصبي	عصبي	عصب+ي	 
أول	أول	أول	 
وهل	و+هل	و+هل	 
الكويتيين	ال+كويتي+ين	ال+كويتي+ين	 
هالواجب	هالواجب	ه+الواجب	 
بحـرك	ب+حرك	ب+حر+ك	 
حرك	حرك	حر+ك	 
مبسوطه	مبسوط+ه	مبسوط+ه	 
نضرتك	نضر+ت+ك	نضر+ت+ك	 
لـو	لو	لو	 
تصدق	تصدق	تصدق	 
يكلمون	يكلم+ون	يكلمون	 
واللامبالاه	و+ال+لامبالاه	و+اللامبالاه	 
